"season"|"player"|"team"|"dob"|"height.cm"|"position"
"2014"|"Joaquim Abranches"|"FC Pune City"|"28/10/1985"|NA|"FW"
"2014"|"Ishfaq Ahmed"|"Kerala Blasters"|"17/03/1983"|NA|"MF"
"2014"|"Anwar Ali"|"Delhi Dynamos FC"|"24/09/1984"|"189"|"DF"
"2014"|"Zohib Amiri"|"FC Goa"|"02/05/1987"|"176"|"DF"
"2014"|"Zohib Amiri"|"FC Goa"|"15/02/1990"|"177"|"DF"
"2014"|"André Moritz"|"Mumbai City FC"|"06/08/1986"|"187"|"MF"
"2014"|"André Santos"|"FC Goa"|"08/03/1983"|"180"|"DF"
"2014"|"Nicolas Anelka"|"Mumbai City FC"|"14/03/1979"|"183"|"FW"
"2014"|"Arnal"|"ATK"|"21/11/1980"|"174"|"FW"
"2014"|"Gregory Arnolin"|"FC Goa"|"10/11/1980"|"187"|"DF"
"2014"|"Avinabo Bag"|"Kerala Blasters"|"08/09/1989"|NA|"DF"
"2014"|"Anthony Barbosa"|"Chennaiyin FC"|"13/06/1989"|"175"|"FW"
"2014"|"Andrew Barišic"|"Kerala Blasters"|"22/03/1986"|"187"|"FW"
"2014"|"Luis Barreto"|"Kerala Blasters"|"14/10/1980"|NA|"GK"
"2014"|"Basilio"|"ATK"|"02/01/1984"|"189"|"GK"
"2014"|"Emanuele Belardi"|"FC Pune City"|"09/10/1977"|"187"|"GK"
"2014"|"Youness Bengelloun"|"FC Goa"|"03/01/1983"|"183"|"DF"
"2014"|"Leo Bertos"|"NorthEast United FC"|"20/12/1981"|"177"|"MF"
"2014"|"Manish Bhargav"|"Delhi Dynamos FC"|"22/02/1994"|"168"|"MF"
"2014"|"Arindam Bhattacharya"|"FC Pune City"|"11/12/1989"|"188"|"GK"
"2014"|"Kunzang Bhutia"|"NorthEast United FC"|"03/01/1994"|"186"|"GK"
"2014"|"Nadong Bhutia"|"Mumbai City FC"|"25/11/1993"|"180"|"FW"
"2014"|"Borja"|"ATK"|"14/01/1981"|"188"|"MF"
"2014"|"Durga Boro"|"NorthEast United FC"|"28/06/1987"|"173"|"FW"
"2014"|"Gennaro Bracigliano"|"Chennaiyin FC"|"01/03/1980"|"183"|"GK"
"2014"|"Bruno"|"Delhi Dynamos FC"|"13/02/1985"|"176"|"MF"
"2014"|"Bruno Pelissari"|"Chennaiyin FC"|"03/01/1993"|"181"|"MF"
"2014"|"Bruno Pinheiro"|"FC Goa"|"21/08/1987"|"185"|"FW"
"2014"|"Capdevila"|"NorthEast United FC"|"03/02/1978"|"182"|"DF"
"2014"|"Peter Carvalho"|"FC Goa"|"18/12/1981"|NA|"MF"
"2014"|"Marek Cech"|"Delhi Dynamos FC"|"08/04/1976"|"195"|"GK"
"2014"|"Gurpreet Chabal"|"FC Goa"|"01/02/1993"|NA|"GK"
"2014"|"Souvik Chakraborty"|"Delhi Dynamos FC"|"12/07/1987"|"172"|"MF"
"2014"|"Isaac Chansa"|"NorthEast United FC"|"23/03/1984"|"173"|"MF"
"2014"|"Nirmal Chettri"|"Kerala Blasters"|"21/10/1990"|"175"|"DF"
"2014"|"Michael Chopra"|"Kerala Blasters"|"23/12/1983"|"175"|"FW"
"2014"|"Subhashish Chowdhury"|"ATK"|"27/09/1986"|"186"|"GK"
"2014"|"Bruno Cirillo"|"FC Pune City"|"21/03/1977"|"187"|"DF"
"2014"|"Pavel Cmovš"|"Mumbai City FC"|"29/06/1990"|"189"|"DF"
"2014"|"Davide Colomba"|"FC Pune City"|"19/07/1988"|NA|"MF"
"2014"|"Peter Costa"|"Mumbai City FC"|"05/08/1984"|NA|"DF"
"2014"|"Cristian"|"Chennaiyin FC"|"21/09/1983"|"177"|"FW"
"2014"|"Koffi Dan Kowa"|"FC Goa"|"19/09/1989"|"180"|"DF"
"2014"|"Abhishek Das"|"Chennaiyin FC"|"15/09/1993"|"170"|"DF"
"2014"|"Narayan Das"|"FC Goa"|"25/09/1993"|"178"|"MF"
"2014"|"Prabir Das"|"FC Goa"|"20/12/1993"|"172"|"DF"
"2014"|"Arnab Das Sharma"|"Mumbai City FC"|"11/12/1987"|"183"|"GK"
"2014"|"Ishan Debnath"|"Mumbai City FC"|"07/06/1991"|"178"|"GK"
"2014"|"Kingshuk Debnath"|"ATK"|"08/05/1985"|NA|"DF"
"2014"|"Alessandro Del Piero"|"Delhi Dynamos FC"|"09/11/1974"|"173"|"FW"
"2014"|"Alen Deory"|"NorthEast United FC"|"12/01/1996"|"177"|"FW"
"2014"|"Mandar Dessai"|"FC Goa"|"18/03/1992"|"171"|"MF"
"2014"|"Denson Devadas"|"Chennaiyin FC"|"20/12/1982"|"178"|"MF"
"2014"|"Deepak Devrani"|"FC Pune City"|"10/12/1992"|"180"|"DF"
"2014"|"Saumik Dey"|"Kerala Blasters"|"20/08/1984"|"178"|"DF"
"2014"|"Steven Dias"|"Delhi Dynamos FC"|"25/12/1983"|"173"|"MF"
"2014"|"Dinis"|"Delhi Dynamos FC"|"21/01/1990"|"183"|"MF"
"2014"|"Eric Djemba-Djemba"|"Chennaiyin FC"|"04/05/1981"|"174"|"MF"
"2014"|"Bojan Djordjic"|"Chennaiyin FC"|"06/02/1982"|"178"|"MF"
"2014"|"Dong-Hyun Do"|"NorthEast United FC"|"19/11/1993"|"173"|"FW"
"2014"|"Seiminlen Doungel"|"NorthEast United FC"|"03/01/1994"|"172"|"FW"
"2014"|"Apoula Edel"|"ATK"|"17/06/1986"|"184"|"GK"
"2014"|"Edgar Marcelino"|"FC Goa"|"10/09/1984"|"170"|"MF"
"2014"|"Elano"|"Chennaiyin FC"|"14/06/1981"|"174"|"MF"
"2014"|"Pavel Eliáš"|"Delhi Dynamos FC"|"26/11/1986"|"183"|"MF"
"2014"|"Erwin Spitzner"|"Kerala Blasters"|"29/04/1994"|"185"|"MF"
"2014"|"Colin Falvey"|"Kerala Blasters"|"20/06/1985"|"185"|"DF"
"2014"|"Lalrin Fela"|"Mumbai City FC"|"24/09/1990"|"168"|"MF"
"2014"|"Francis Fernandes"|"Delhi Dynamos FC"|"25/11/1985"|"167"|"MF"
"2014"|"Gabriel Fernandes"|"FC Goa"|"22/04/1988"|"167"|"FW"
"2014"|"Romeo Fernandes"|"FC Goa"|"06/07/1992"|"168"|"MF"
"2014"|"Lester Fernandez"|"ATK"|"06/12/1986"|NA|"MF"
"2014"|"Denzil Franco"|"ATK"|"30/06/1986"|"177"|"DF"
"2014"|"Godwin Franco"|"Kerala Blasters"|"16/02/1985"|NA|"MF"
"2014"|"Francesco Franzese"|"Chennaiyin FC"|"08/09/1981"|NA|"GK"
"2014"|"Manuel Friedrich"|"Mumbai City FC"|"13/09/1979"|"189"|"DF"
"2014"|"Raju Gaikwad"|"Mumbai City FC"|"25/09/1990"|"180"|"DF"
"2014"|"Alwyn George"|"FC Goa"|"03/01/1992"|"173"|"MF"
"2014"|"Shouvik Ghosh"|"Delhi Dynamos FC"|"05/11/1992"|"181"|"DF"
"2014"|"Cornell Glenn"|"NorthEast United FC"|"21/10/1980"|"176"|"FW"
"2014"|"Milagres Gonsalves"|"Kerala Blasters"|"24/01/1987"|"186"|"FW"
"2014"|"Andrés González"|"FC Pune City"|"08/01/1984"|"188"|"DF"
"2014"|"John Goossens"|"FC Pune City"|"25/07/1988"|"176"|"MF"
"2014"|"Guilherme Batata"|"NorthEast United FC"|"02/05/1992"|"175"|"MF"
"2014"|"Israil Gurung"|"FC Pune City"|"02/04/1989"|"173"|"FW"
"2014"|"Robin Gurung"|"NorthEast United FC"|"26/10/1992"|"172"|"DF"
"2014"|"Gustavo Santos"|"Delhi Dynamos FC"|"08/03/1994"|"179"|"FW"
"2014"|"Boithang Haokip"|"NorthEast United FC"|"09/03/1991"|"178"|"MF"
"2014"|"Cédric Hengbart"|"Kerala Blasters"|"13/07/1980"|"183"|"DF"
"2014"|"Mehtab Hossain"|"Kerala Blasters"|"13/10/1981"|"171"|"MF"
"2014"|"Stijn Houben"|"Delhi Dynamos FC"|"05/04/1995"|NA|"DF"
"2014"|"Iain Hume"|"Kerala Blasters"|"30/10/1983"|"170"|"FW"
"2014"|"Mamunul Islam"|"ATK"|"12/12/1988"|"167"|"MF"
"2014"|"Ivan Bolado"|"FC Pune City"|"03/07/1989"|"180"|"FW"
"2014"|"David James"|"Kerala Blasters"|"01/08/1970"|"194"|"GK"
"2014"|"Javi Fernández"|"Mumbai City FC"|"22/02/1988"|"171"|"MF"
"2014"|"Sandesh Jhingan"|"Kerala Blasters"|"21/07/1993"|"188"|"DF"
"2014"|"Jofre"|"ATK"|"24/01/1980"|"171"|"MF"
"2014"|"Josemi"|"ATK"|"15/11/1979"|"183"|"DF"
"2014"|"Tomáš Josl"|"NorthEast United FC"|"12/11/1984"|"177"|"MF"
"2014"|"Mads Junker"|"Delhi Dynamos FC"|"21/04/1981"|"185"|"FW"
"2014"|"Kostas Katsouranis"|"FC Pune City"|"21/06/1979"|"183"|"MF"
"2014"|"Laxmikant Kattimani"|"FC Goa"|"03/05/1989"|"183"|"GK"
"2014"|"James Keene"|"NorthEast United FC"|"26/12/1985"|"180"|"FW"
"2014"|"Harmanjot Khabra"|"Chennaiyin FC"|"18/12/1988"|"181"|"MF"
"2014"|"Adil Khan"|"Delhi Dynamos FC"|"07/07/1988"|"177"|"MF"
"2014"|"Aibor Khongjee"|"NorthEast United FC"|"09/12/1987"|"180"|"DF"
"2014"|"Koke"|"NorthEast United FC"|"27/04/1983"|"179"|"FW"
"2014"|"Pritam Kotal"|"FC Pune City"|"08/09/1993"|"176"|"DF"
"2014"|"Asif Kottayil"|"Mumbai City FC"|"24/05/1985"|"176"|"MF"
"2014"|"Jeje Lalpekhlua"|"Chennaiyin FC"|"07/01/1991"|"173"|"FW"
"2014"|"Robert Lalthlamuana"|"Delhi Dynamos FC"|"04/09/1988"|"171"|"DF"
"2014"|"Climax Lawrence"|"ATK"|"16/01/1979"|"178"|"MF"
"2014"|"Johann Letzelter"|"Mumbai City FC"|"19/09/1984"|"177"|"DF"
"2014"|"Freddie Ljungberg"|"Mumbai City FC"|"16/04/1977"|"176"|"MF"
"2014"|"Cavin Lobo"|"ATK"|"04/04/1988"|"170"|"MF"
"2014"|"Munmun Lugun"|"Delhi Dynamos FC"|"05/05/1993"|"176"|"DF"
"2014"|"Luis García"|"ATK"|"24/06/1978"|"176"|"MF"
"2014"|"Daniele Magliocchetti"|"FC Pune City"|"11/05/1986"|"177"|"DF"
"2014"|"Manish Maithani"|"FC Pune City"|"05/11/1987"|NA|"MF"
"2014"|"Tapan Maity"|"FC Pune City"|"12/09/1984"|"170"|"MF"
"2014"|"Ram Malik"|"Mumbai City FC"|"10/03/1991"|NA|"MF"
"2014"|"Shylo Malsawmtluanga"|"Delhi Dynamos FC"|"24/10/1984"|NA|"MF"
"2014"|"Ranty Martins"|"FC Goa"|"05/09/1986"|"181"|"FW"
"2014"|"Rakesh Masih"|"ATK"|"18/03/1987"|"186"|"MF"
"2014"|"Marco Materazzi"|"Chennaiyin FC"|"19/08/1973"|"193"|"DF"
"2014"|"Sushanth Mathew"|"Kerala Blasters"|"18/05/1978"|"174"|"DF"
"2014"|"Jean-Eudes Maurice"|"Chennaiyin FC"|"21/06/1986"|"180"|"FW"
"2014"|"Jamie McAllister"|"Kerala Blasters"|"26/04/1978"|"180"|"DF"
"2014"|"Ashutosh Mehta"|"FC Pune City"|"21/02/1991"|"176"|"MF"
"2014"|"John Mendoza"|"Chennaiyin FC"|"27/06/1992"|"172"|"FW"
"2014"|"Bernard Mendy"|"Chennaiyin FC"|"20/08/1981"|"180"|"DF"
"2014"|"Miguel García"|"NorthEast United FC"|"04/02/1983"|"179"|"DF"
"2014"|"Miguel Herlein"|"FC Goa"|"11/02/1993"|"181"|"FW"
"2014"|"Clifford Miranda"|"FC Goa"|"11/07/1982"|"172"|"MF"
"2014"|"Rohit Mirza"|"Mumbai City FC"|"15/08/1991"|"176"|"MF"
"2014"|"Nallappan Mohanraj"|"ATK"|"23/02/1989"|NA|"DF"
"2014"|"Abhijit Mondal"|"Chennaiyin FC"|"01/10/1982"|"176"|"GK"
"2014"|"Arnab Mondal"|"ATK"|"25/09/1989"|"179"|"DF"
"2014"|"Deepak Mondal"|"Mumbai City FC"|"13/10/1979"|"173"|"DF"
"2014"|"Sylvain Monsoreau"|"ATK"|"23/01/1981"|"186"|"DF"
"2014"|"Kondwani Mtonga"|"NorthEast United FC"|"12/02/1984"|"178"|"MF"
"2014"|"Hans Mulder"|"Delhi Dynamos FC"|"27/04/1987"|"180"|"MF"
"2014"|"Syed Nabi"|"Mumbai City FC"|"14/12/1985"|"170"|"DF"
"2014"|"Diego Nadaya"|"Mumbai City FC"|"15/09/1989"|"177"|"FW"
"2014"|"Sandip Nandy"|"Kerala Blasters"|"15/01/1975"|"177"|"GK"
"2014"|"Holicharan Narzary"|"FC Goa"|"10/05/1994"|"174"|"FW"
"2014"|"Ofentse Nato"|"ATK"|"01/10/1989"|"183"|"MF"
"2014"|"Alessandro Nesta"|"Chennaiyin FC"|"19/03/1976"|"187"|"DF"
"2014"|"David Ngaihte"|"NorthEast United FC"|"16/12/1989"|"170"|"MF"
"2014"|"Dudu Omangbemi"|"FC Pune City"|"18/07/1985"|"179"|"FW"
"2014"|"Penn Orji"|"Kerala Blasters"|"04/04/1991"|"173"|"MF"
"2014"|"Tolgay Özbey"|"FC Goa"|"12/04/1986"|"177"|"FW"
"2014"|"Shilton Pal"|"Chennaiyin FC"|"10/06/1988"|NA|"GK"
"2014"|"Subrata Pal"|"Mumbai City FC"|"24/12/1986"|"183"|"GK"
"2014"|"Saïdou Panandétiguiri"|"FC Pune City"|"22/03/1984"|"180"|"DF"
"2014"|"Rehenesh Paramba"|"NorthEast United FC"|"13/02/1993"|"178"|"GK"
"2014"|"Gwang-il Park"|"FC Pune City"|"10/02/1991"|"173"|"MF"
"2014"|"Stephen Pearson"|"Kerala Blasters"|"02/10/1982"|"183"|"MF"
"2014"|"Pedro Gusmão"|"Kerala Blasters"|"04/06/1992"|"177"|"FW"
"2014"|"Jermaine Pennant"|"FC Pune City"|"15/01/1983"|"173"|"MF"
"2014"|"Dane Pereira"|"Chennaiyin FC"|"13/10/1985"|"185"|"DF"
"2014"|"Robert Pirés"|"FC Goa"|"29/10/1973"|"185"|"MF"
"2014"|"Jakub Podaný"|"ATK"|"15/06/1987"|"184"|"MF"
"2014"|"Ilias Pollalis"|"Mumbai City FC"|"19/11/1992"|NA|"DF"
"2014"|"Pappachan Pradeep"|"Chennaiyin FC"|"28/04/1983"|"173"|"MF"
"2014"|"Sanju Pradhan"|"ATK"|"15/08/1989"|"168"|"MF"
"2014"|"Preto"|"Mumbai City FC"|"18/04/1993"|"180"|"GK"
"2014"|"Pulga"|"Kerala Blasters"|"06/11/1985"|"179"|"MF"
"2014"|"Mohammed Rafi"|"ATK"|"24/05/1982"|"179"|"FW"
"2014"|"Mohammed Rafique"|"ATK"|"20/09/1992"|"173"|"FW"
"2014"|"Jewel Raja"|"FC Goa"|"18/01/1990"|"172"|"FW"
"2014"|"Lalrindika Ralte"|"Mumbai City FC"|"07/09/1992"|"173"|"MF"
"2014"|"Zodingliana Ralte"|"NorthEast United FC"|"05/05/1995"|"175"|"MF"
"2014"|"Zohmingliana Ralte"|"NorthEast United FC"|"02/10/1987"|"178"|"DF"
"2014"|"Jayesh Rane"|"Chennaiyin FC"|"20/02/1993"|"175"|"FW"
"2014"|"Dharmaraj Ravanan"|"FC Pune City"|"29/07/1987"|"181"|"DF"
"2014"|"Wim Raymaekers"|"Delhi Dynamos FC"|"04/04/1985"|"186"|"DF"
"2014"|"Tiago Ribeiro"|"Mumbai City FC"|"15/06/1992"|"182"|"MF"
"2014"|"Lenny Rodrigues"|"FC Pune City"|"10/05/1987"|"185"|"MF"
"2014"|"Rowilson Rodrigues"|"FC Goa"|"26/03/1987"|"181"|"DF"
"2014"|"Omar Rodríguez"|"FC Pune City"|"04/03/1981"|"180"|"MF"
"2014"|"Raphael Romey"|"Kerala Blasters"|"26/02/1981"|"186"|"DF"
"2014"|"Debabrata Roy"|"FC Goa"|"04/11/1986"|"173"|"DF"
"2014"|"Chinadorai Sabeeth"|"Kerala Blasters"|"02/12/1990"|"178"|"FW"
"2014"|"Biswajit Saha"|"ATK"|"15/12/1987"|NA|"DF"
"2014"|"Baljit Sahni"|"ATK"|"12/01/1987"|NA|"MF"
"2014"|"Massamba Sambou"|"NorthEast United FC"|"17/09/1986"|"188"|"DF"
"2014"|"Safar Sardar"|"Chennaiyin FC"|"12/03/1988"|NA|"DF"
"2014"|"Anupam Sarkar"|"FC Pune City"|"06/12/1985"|"173"|"DF"
"2014"|"Jan Šeda"|"FC Goa"|"17/12/1985"|"189"|"GK"
"2014"|"Pratik Shinde"|"FC Pune City"|NA|"169"|"MF"
"2014"|"Mikaël Silvestre"|"Chennaiyin FC"|"09/08/1977"|"184"|"DF"
"2014"|"Balwant Singh"|"Chennaiyin FC"|"15/12/1986"|"180"|"FW"
"2014"|"Bikramjit Singh"|"FC Goa"|"15/10/1992"|"171"|"MF"
"2014"|"Dhanachandra Singh"|"Chennaiyin FC"|"04/03/1987"|NA|"DF"
"2014"|"Gouramangi Singh"|"Chennaiyin FC"|"25/01/1985"|"186"|"DF"
"2014"|"Gurwinder Singh"|"Kerala Blasters"|"16/04/1986"|"183"|"DF"
"2014"|"Jagroop Singh"|"Delhi Dynamos FC"|"16/05/1991"|NA|"GK"
"2014"|"Jibon Singh"|"NorthEast United FC"|"06/02/1990"|"178"|"DF"
"2014"|"Khelemba Singh"|"Chennaiyin FC"|"13/04/1985"|"183"|"DF"
"2014"|"Manandeep Singh"|"Delhi Dynamos FC"|"03/11/1992"|"180"|"FW"
"2014"|"Milan Singh"|"NorthEast United FC"|"15/05/1992"|"174"|"MF"
"2014"|"Moiranthem Govin Singh"|"Delhi Dynamos FC"|"03/01/1988"|"183"|"DF"
"2014"|"Naoba Singh"|"Delhi Dynamos FC"|"06/03/1988"|NA|"DF"
"2014"|"Pritam Singh"|"NorthEast United FC"|"10/12/1995"|"174"|"DF"
"2014"|"Ramandeep Singh"|"Kerala Blasters"|"27/06/1991"|NA|"DF"
"2014"|"Renedy Singh"|"Kerala Blasters"|"20/06/1979"|"178"|"MF"
"2014"|"Singam Singh"|"Mumbai City FC"|"02/02/1990"|"175"|"FW"
"2014"|"Sukhwinder Singh"|"Chennaiyin FC"|"12/03/1983"|NA|"MF"
"2014"|"Sushil Singh"|"Mumbai City FC"|"25/06/1984"|"180"|"FW"
"2014"|"Morten Skoubo"|"Delhi Dynamos FC"|"30/06/1980"|"190"|"FW"
"2014"|"Miroslav Slepicka"|"FC Goa"|"10/11/1981"|"182"|"FW"
"2014"|"Jan Štohanzl"|"Mumbai City FC"|"20/03/1985"|"174"|"MF"
"2014"|"Jairo Suárez"|"Chennaiyin FC"|"24/03/1985"|"178"|"DF"
"2014"|"Fikru Teferra"|"ATK"|"24/01/1986"|NA|"FW"
"2014"|"Lalit Thapa"|"FC Pune City"|"20/12/1984"|NA|"GK"
"2014"|"Redeem Tlang"|"NorthEast United FC"|"22/02/1995"|"172"|"MF"
"2014"|"David Trezeguet"|"FC Pune City"|"15/10/1977"|"186"|"FW"
"2014"|"Alexandros Tzorvas"|"NorthEast United FC"|"12/08/1982"|"190"|"GK"
"2014"|"Krisztián Vadócz"|"FC Pune City"|"03/05/1985"|"188"|"MF"
"2014"|"Jaison Vales"|"Chennaiyin FC"|"04/09/1988"|NA|"MF"
"2014"|"Kristof Van Hout"|"Delhi Dynamos FC"|"09/02/1987"|"208"|"GK"
"2014"|"Mehrjajuddin Wadoo"|"FC Pune City"|"12/02/1984"|"186"|"MF"
"2014"|"Abhishek Yadav"|"Mumbai City FC"|"10/06/1980"|"185"|"FW"
"2014"|"Luis Yánez"|"NorthEast United FC"|"29/10/1982"|"178"|"FW"
"2014 playoffs"|"Ishfaq Ahmed"|"Kerala Blasters"|"17/03/1983"|NA|"MF"
"2014 playoffs"|"Zohib Amiri"|"FC Goa"|"02/05/1987"|"176"|"DF"
"2014 playoffs"|"Zohib Amiri"|"FC Goa"|"15/02/1990"|"177"|"DF"
"2014 playoffs"|"André Santos"|"FC Goa"|"08/03/1983"|"180"|"DF"
"2014 playoffs"|"Arnal"|"ATK"|"21/11/1980"|"174"|"FW"
"2014 playoffs"|"Gregory Arnolin"|"FC Goa"|"10/11/1980"|"187"|"DF"
"2014 playoffs"|"Avinabo Bag"|"Kerala Blasters"|"08/09/1989"|NA|"DF"
"2014 playoffs"|"Anthony Barbosa"|"Chennaiyin FC"|"13/06/1989"|"175"|"FW"
"2014 playoffs"|"Andrew Barišic"|"Kerala Blasters"|"22/03/1986"|"187"|"FW"
"2014 playoffs"|"Luis Barreto"|"Kerala Blasters"|"14/10/1980"|NA|"GK"
"2014 playoffs"|"Basilio"|"ATK"|"02/01/1984"|"189"|"GK"
"2014 playoffs"|"Youness Bengelloun"|"FC Goa"|"03/01/1983"|"183"|"DF"
"2014 playoffs"|"Borja"|"ATK"|"14/01/1981"|"188"|"MF"
"2014 playoffs"|"Gennaro Bracigliano"|"Chennaiyin FC"|"01/03/1980"|"183"|"GK"
"2014 playoffs"|"Bruno Pelissari"|"Chennaiyin FC"|"03/01/1993"|"181"|"MF"
"2014 playoffs"|"Bruno Pinheiro"|"FC Goa"|"21/08/1987"|"185"|"FW"
"2014 playoffs"|"Peter Carvalho"|"FC Goa"|"18/12/1981"|NA|"MF"
"2014 playoffs"|"Gurpreet Chabal"|"FC Goa"|"01/02/1993"|NA|"GK"
"2014 playoffs"|"Nirmal Chettri"|"Kerala Blasters"|"21/10/1990"|"175"|"DF"
"2014 playoffs"|"Michael Chopra"|"Kerala Blasters"|"23/12/1983"|"175"|"FW"
"2014 playoffs"|"Subhashish Chowdhury"|"ATK"|"27/09/1986"|"186"|"GK"
"2014 playoffs"|"Cristian"|"Chennaiyin FC"|"21/09/1983"|"177"|"FW"
"2014 playoffs"|"Koffi Dan Kowa"|"FC Goa"|"19/09/1989"|"180"|"DF"
"2014 playoffs"|"Abhishek Das"|"Chennaiyin FC"|"15/09/1993"|"170"|"DF"
"2014 playoffs"|"Narayan Das"|"FC Goa"|"25/09/1993"|"178"|"MF"
"2014 playoffs"|"Prabir Das"|"FC Goa"|"20/12/1993"|"172"|"DF"
"2014 playoffs"|"Kingshuk Debnath"|"ATK"|"08/05/1985"|NA|"DF"
"2014 playoffs"|"Mandar Dessai"|"FC Goa"|"18/03/1992"|"171"|"MF"
"2014 playoffs"|"Denson Devadas"|"Chennaiyin FC"|"20/12/1982"|"178"|"MF"
"2014 playoffs"|"Saumik Dey"|"Kerala Blasters"|"20/08/1984"|"178"|"DF"
"2014 playoffs"|"Eric Djemba-Djemba"|"Chennaiyin FC"|"04/05/1981"|"174"|"MF"
"2014 playoffs"|"Bojan Djordjic"|"Chennaiyin FC"|"06/02/1982"|"178"|"MF"
"2014 playoffs"|"Apoula Edel"|"ATK"|"17/06/1986"|"184"|"GK"
"2014 playoffs"|"Edgar Marcelino"|"FC Goa"|"10/09/1984"|"170"|"MF"
"2014 playoffs"|"Elano"|"Chennaiyin FC"|"14/06/1981"|"174"|"MF"
"2014 playoffs"|"Erwin Spitzner"|"Kerala Blasters"|"29/04/1994"|"185"|"MF"
"2014 playoffs"|"Colin Falvey"|"Kerala Blasters"|"20/06/1985"|"185"|"DF"
"2014 playoffs"|"Gabriel Fernandes"|"FC Goa"|"22/04/1988"|"167"|"FW"
"2014 playoffs"|"Romeo Fernandes"|"FC Goa"|"06/07/1992"|"168"|"MF"
"2014 playoffs"|"Lester Fernandez"|"ATK"|"06/12/1986"|NA|"MF"
"2014 playoffs"|"Denzil Franco"|"ATK"|"30/06/1986"|"177"|"DF"
"2014 playoffs"|"Godwin Franco"|"Kerala Blasters"|"16/02/1985"|NA|"MF"
"2014 playoffs"|"Francesco Franzese"|"Chennaiyin FC"|"08/09/1981"|NA|"GK"
"2014 playoffs"|"Alwyn George"|"FC Goa"|"03/01/1992"|"173"|"MF"
"2014 playoffs"|"Milagres Gonsalves"|"Kerala Blasters"|"24/01/1987"|"186"|"FW"
"2014 playoffs"|"Cédric Hengbart"|"Kerala Blasters"|"13/07/1980"|"183"|"DF"
"2014 playoffs"|"Mehtab Hossain"|"Kerala Blasters"|"13/10/1981"|"171"|"MF"
"2014 playoffs"|"Iain Hume"|"Kerala Blasters"|"30/10/1983"|"170"|"FW"
"2014 playoffs"|"Mamunul Islam"|"ATK"|"12/12/1988"|"167"|"MF"
"2014 playoffs"|"David James"|"Kerala Blasters"|"01/08/1970"|"194"|"GK"
"2014 playoffs"|"Sandesh Jhingan"|"Kerala Blasters"|"21/07/1993"|"188"|"DF"
"2014 playoffs"|"Jofre"|"ATK"|"24/01/1980"|"171"|"MF"
"2014 playoffs"|"Josemi"|"ATK"|"15/11/1979"|"183"|"DF"
"2014 playoffs"|"Laxmikant Kattimani"|"FC Goa"|"03/05/1989"|"183"|"GK"
"2014 playoffs"|"Harmanjot Khabra"|"Chennaiyin FC"|"18/12/1988"|"181"|"MF"
"2014 playoffs"|"Jeje Lalpekhlua"|"Chennaiyin FC"|"07/01/1991"|"173"|"FW"
"2014 playoffs"|"Climax Lawrence"|"ATK"|"16/01/1979"|"178"|"MF"
"2014 playoffs"|"Cavin Lobo"|"ATK"|"04/04/1988"|"170"|"MF"
"2014 playoffs"|"Luis García"|"ATK"|"24/06/1978"|"176"|"MF"
"2014 playoffs"|"Ranty Martins"|"FC Goa"|"05/09/1986"|"181"|"FW"
"2014 playoffs"|"Rakesh Masih"|"ATK"|"18/03/1987"|"186"|"MF"
"2014 playoffs"|"Marco Materazzi"|"Chennaiyin FC"|"19/08/1973"|"193"|"DF"
"2014 playoffs"|"Sushanth Mathew"|"Kerala Blasters"|"18/05/1978"|"174"|"DF"
"2014 playoffs"|"Jean-Eudes Maurice"|"Chennaiyin FC"|"21/06/1986"|"180"|"FW"
"2014 playoffs"|"Jamie McAllister"|"Kerala Blasters"|"26/04/1978"|"180"|"DF"
"2014 playoffs"|"John Mendoza"|"Chennaiyin FC"|"27/06/1992"|"172"|"FW"
"2014 playoffs"|"Bernard Mendy"|"Chennaiyin FC"|"20/08/1981"|"180"|"DF"
"2014 playoffs"|"Miguel Herlein"|"FC Goa"|"11/02/1993"|"181"|"FW"
"2014 playoffs"|"Clifford Miranda"|"FC Goa"|"11/07/1982"|"172"|"MF"
"2014 playoffs"|"Nallappan Mohanraj"|"ATK"|"23/02/1989"|NA|"DF"
"2014 playoffs"|"Abhijit Mondal"|"Chennaiyin FC"|"01/10/1982"|"176"|"GK"
"2014 playoffs"|"Arnab Mondal"|"ATK"|"25/09/1989"|"179"|"DF"
"2014 playoffs"|"Sylvain Monsoreau"|"ATK"|"23/01/1981"|"186"|"DF"
"2014 playoffs"|"Sandip Nandy"|"Kerala Blasters"|"15/01/1975"|"177"|"GK"
"2014 playoffs"|"Holicharan Narzary"|"FC Goa"|"10/05/1994"|"174"|"FW"
"2014 playoffs"|"Ofentse Nato"|"ATK"|"01/10/1989"|"183"|"MF"
"2014 playoffs"|"Alessandro Nesta"|"Chennaiyin FC"|"19/03/1976"|"187"|"DF"
"2014 playoffs"|"Penn Orji"|"Kerala Blasters"|"04/04/1991"|"173"|"MF"
"2014 playoffs"|"Tolgay Özbey"|"FC Goa"|"12/04/1986"|"177"|"FW"
"2014 playoffs"|"Shilton Pal"|"Chennaiyin FC"|"10/06/1988"|NA|"GK"
"2014 playoffs"|"Stephen Pearson"|"Kerala Blasters"|"02/10/1982"|"183"|"MF"
"2014 playoffs"|"Pedro Gusmão"|"Kerala Blasters"|"04/06/1992"|"177"|"FW"
"2014 playoffs"|"Dane Pereira"|"Chennaiyin FC"|"13/10/1985"|"185"|"DF"
"2014 playoffs"|"Robert Pirés"|"FC Goa"|"29/10/1973"|"185"|"MF"
"2014 playoffs"|"Jakub Podaný"|"ATK"|"15/06/1987"|"184"|"MF"
"2014 playoffs"|"Pappachan Pradeep"|"Chennaiyin FC"|"28/04/1983"|"173"|"MF"
"2014 playoffs"|"Sanju Pradhan"|"ATK"|"15/08/1989"|"168"|"MF"
"2014 playoffs"|"Pulga"|"Kerala Blasters"|"06/11/1985"|"179"|"MF"
"2014 playoffs"|"Mohammed Rafi"|"ATK"|"24/05/1982"|"179"|"FW"
"2014 playoffs"|"Mohammed Rafique"|"ATK"|"20/09/1992"|"173"|"FW"
"2014 playoffs"|"Jewel Raja"|"FC Goa"|"18/01/1990"|"172"|"FW"
"2014 playoffs"|"Jayesh Rane"|"Chennaiyin FC"|"20/02/1993"|"175"|"FW"
"2014 playoffs"|"Rowilson Rodrigues"|"FC Goa"|"26/03/1987"|"181"|"DF"
"2014 playoffs"|"Raphael Romey"|"Kerala Blasters"|"26/02/1981"|"186"|"DF"
"2014 playoffs"|"Debabrata Roy"|"FC Goa"|"04/11/1986"|"173"|"DF"
"2014 playoffs"|"Chinadorai Sabeeth"|"Kerala Blasters"|"02/12/1990"|"178"|"FW"
"2014 playoffs"|"Biswajit Saha"|"ATK"|"15/12/1987"|NA|"DF"
"2014 playoffs"|"Baljit Sahni"|"ATK"|"12/01/1987"|NA|"MF"
"2014 playoffs"|"Safar Sardar"|"Chennaiyin FC"|"12/03/1988"|NA|"DF"
"2014 playoffs"|"Jan Šeda"|"FC Goa"|"17/12/1985"|"189"|"GK"
"2014 playoffs"|"Mikaël Silvestre"|"Chennaiyin FC"|"09/08/1977"|"184"|"DF"
"2014 playoffs"|"Balwant Singh"|"Chennaiyin FC"|"15/12/1986"|"180"|"FW"
"2014 playoffs"|"Bikramjit Singh"|"FC Goa"|"15/10/1992"|"171"|"MF"
"2014 playoffs"|"Dhanachandra Singh"|"Chennaiyin FC"|"04/03/1987"|NA|"DF"
"2014 playoffs"|"Gouramangi Singh"|"Chennaiyin FC"|"25/01/1985"|"186"|"DF"
"2014 playoffs"|"Gurwinder Singh"|"Kerala Blasters"|"16/04/1986"|"183"|"DF"
"2014 playoffs"|"Khelemba Singh"|"Chennaiyin FC"|"13/04/1985"|"183"|"DF"
"2014 playoffs"|"Ramandeep Singh"|"Kerala Blasters"|"27/06/1991"|NA|"DF"
"2014 playoffs"|"Renedy Singh"|"Kerala Blasters"|"20/06/1979"|"178"|"MF"
"2014 playoffs"|"Sukhwinder Singh"|"Chennaiyin FC"|"12/03/1983"|NA|"MF"
"2014 playoffs"|"Miroslav Slepicka"|"FC Goa"|"10/11/1981"|"182"|"FW"
"2014 playoffs"|"Jairo Suárez"|"Chennaiyin FC"|"24/03/1985"|"178"|"DF"
"2014 playoffs"|"Fikru Teferra"|"ATK"|"24/01/1986"|NA|"FW"
"2014 playoffs"|"Jaison Vales"|"Chennaiyin FC"|"04/09/1988"|NA|"MF"
"2015"|"Joaquim Abranches"|"FC Goa"|"28/10/1985"|NA|"FW"
"2015"|"Ishfaq Ahmed"|"Kerala Blasters"|"17/03/1983"|NA|"MF"
"2015"|"Aitor"|"Mumbai City FC"|"23/08/1986"|"180"|"DF"
"2015"|"Anwar Ali"|"Delhi Dynamos FC"|"24/09/1984"|"189"|"DF"
"2015"|"Keenan Almeida"|"FC Goa"|"10/10/1991"|NA|"DF"
"2015"|"André Moritz"|"Mumbai City FC"|"06/08/1986"|"187"|"MF"
"2015"|"Nicolas Anelka"|"Mumbai City FC"|"14/03/1979"|"183"|"FW"
"2015"|"Rino Anto"|"ATK"|"03/01/1988"|"174"|"DF"
"2015"|"Gregory Arnolin"|"FC Goa"|"10/11/1980"|"187"|"DF"
"2015"|"James Bailey"|"FC Pune City"|"18/09/1988"|"183"|"MF"
"2015"|"Luis Barreto"|"FC Goa"|"14/10/1980"|NA|"GK"
"2015"|"Selim Benachour"|"Mumbai City FC"|"08/09/1981"|"170"|"MF"
"2015"|"Frantz Bertin"|"Mumbai City FC"|"30/05/1983"|"182"|"MF"
"2015"|"Arindam Bhattacharya"|"FC Pune City"|"11/12/1989"|"188"|"GK"
"2015"|"Rahul Bheke"|"Kerala Blasters"|"06/12/1990"|"179"|"DF"
"2015"|"Kunzang Bhutia"|"ATK"|"03/01/1994"|"186"|"GK"
"2015"|"Nadong Bhutia"|"ATK"|"25/11/1993"|"180"|"FW"
"2015"|"André Bikey"|"NorthEast United FC"|"08/01/1985"|"182"|"DF"
"2015"|"Manuele Blasi"|"Chennaiyin FC"|"17/08/1980"|"178"|"MF"
"2015"|"Borja"|"ATK"|"14/01/1981"|"188"|"MF"
"2015"|"Gennaro Bracigliano"|"NorthEast United FC"|"01/03/1980"|"183"|"GK"
"2015"|"Bruno"|"NorthEast United FC"|"13/02/1985"|"176"|"MF"
"2015"|"Bruno Pelissari"|"Chennaiyin FC"|"03/01/1993"|"181"|"MF"
"2015"|"Bruno Perone"|"Kerala Blasters"|"06/07/1987"|"191"|"DF"
"2015"|"Bustos"|"Mumbai City FC"|"29/05/1983"|"177"|"MF"
"2015"|"Stephen Bywater"|"Kerala Blasters"|"07/06/1981"|"191"|"GK"
"2015"|"Calatayud"|"ATK"|"21/12/1979"|"191"|"GK"
"2015"|"Peter Carvalho"|"Kerala Blasters"|"18/12/1981"|NA|"MF"
"2015"|"Souvik Chakraborty"|"Delhi Dynamos FC"|"12/07/1987"|"172"|"MF"
"2015"|"Sunil Chhetri"|"Mumbai City FC"|"03/08/1984"|"172"|"FW"
"2015"|"Chicão"|"Delhi Dynamos FC"|"03/06/1981"|"181"|"DF"
"2015"|"Subhashish Chowdhury"|"Delhi Dynamos FC"|"27/09/1986"|"186"|"GK"
"2015"|"Pavel Cmovš"|"Mumbai City FC"|"29/06/1990"|"189"|"DF"
"2015"|"Nicolau Colaco"|"FC Goa"|"16/05/1984"|"180"|"DF"
"2015"|"Diego Colotto"|"FC Pune City"|"10/03/1981"|"184"|"DF"
"2015"|"Francis Dadzie"|"NorthEast United FC"|NA|NA|"FW"
"2015"|"Chris Dagnall"|"Kerala Blasters"|"15/04/1986"|"173"|"FW"
"2015"|"Abhishek Das"|"Chennaiyin FC"|"15/09/1993"|"170"|"DF"
"2015"|"Narayan Das"|"FC Goa"|"25/09/1993"|"178"|"MF"
"2015"|"Prabir Das"|"Delhi Dynamos FC"|"20/12/1993"|"172"|"MF"
"2015"|"Arnab Das Sharma"|"Mumbai City FC"|"11/12/1987"|"183"|"GK"
"2015"|"Vinicius Ferreira De Souza"|"Delhi Dynamos FC"|NA|NA|"FW"
"2015"|"Ishan Debnath"|"Delhi Dynamos FC"|"07/06/1991"|"178"|"GK"
"2015"|"Ishkant Debnath"|"Delhi Dynamos FC"|"30/07/1991"|NA|"GK"
"2015"|"Kingshuk Debnath"|"Mumbai City FC"|"08/05/1985"|NA|"DF"
"2015"|"Alen Deory"|"NorthEast United FC"|"12/01/1996"|"177"|"FW"
"2015"|"Mandar Dessai"|"FC Goa"|"18/03/1992"|"171"|"MF"
"2015"|"Denson Devadas"|"FC Goa"|"20/12/1982"|"178"|"MF"
"2015"|"Saumik Dey"|"Kerala Blasters"|"20/08/1984"|"178"|"DF"
"2015"|"Seiminlen Doungel"|"Delhi Dynamos FC"|"03/01/1994"|"172"|"FW"
"2015"|"Sameehg Doutie"|"ATK"|"31/05/1989"|"172"|"MF"
"2015"|"Darryl Duffy"|"FC Goa"|"16/04/1984"|"180"|"FW"
"2015"|"Anas Edathodika"|"Delhi Dynamos FC"|"15/02/1987"|"184"|"DF"
"2015"|"Apoula Edel"|"Chennaiyin FC"|"17/06/1986"|"184"|"GK"
"2015"|"Éder"|"Chennaiyin FC"|"21/09/1983"|"183"|"DF"
"2015"|"Elano"|"Chennaiyin FC"|"14/06/1981"|"174"|"MF"
"2015"|"Elinton Andrade"|"FC Goa"|"30/03/1979"|"190"|"GK"
"2015"|"Lalchhuanmawia Fanai"|"Mumbai City FC"|"14/04/1989"|"182"|"DF"
"2015"|"Augustin Fernandes"|"ATK"|"13/10/1987"|"178"|"DF"
"2015"|"Brandon Fernandes"|"Mumbai City FC"|"20/09/1994"|"171"|"MF"
"2015"|"Francis Fernandes"|"Delhi Dynamos FC"|"25/11/1985"|"167"|"MF"
"2015"|"Gabriel Fernandes"|"Mumbai City FC"|"22/04/1988"|"167"|"FW"
"2015"|"Romeo Fernandes"|"FC Goa"|"06/07/1992"|"168"|"FW"
"2015"|"Victorino Fernandes"|"FC Goa"|"03/02/1989"|"167"|"FW"
"2015"|"Denzil Franco"|"ATK"|"30/06/1986"|"177"|"DF"
"2015"|"Godwin Franco"|"Chennaiyin FC"|"16/02/1985"|NA|"MF"
"2015"|"Richard Gadze"|"Delhi Dynamos FC"|"23/08/1993"|"176"|"FW"
"2015"|"Raju Gaikwad"|"FC Goa"|"25/09/1990"|"180"|"DF"
"2015"|"Dhanpal Ganesh"|"Chennaiyin FC"|"13/06/1994"|"185"|"MF"
"2015"|"Gavilán"|"ATK"|"12/05/1985"|"178"|"MF"
"2015"|"Antonio German"|"Kerala Blasters"|"26/12/1991"|"178"|"FW"
"2015"|"Sanjiban Ghosh"|"Delhi Dynamos FC"|"06/07/1991"|"183"|"GK"
"2015"|"Albino Gomes"|"Mumbai City FC"|"07/02/1994"|NA|"GK"
"2015"|"Serginho Greene"|"Delhi Dynamos FC"|"24/06/1982"|"178"|"DF"
"2015"|"Israil Gurung"|"FC Pune City"|"02/04/1989"|"173"|"FW"
"2015"|"Robin Gurung"|"NorthEast United FC"|"26/10/1992"|"172"|"DF"
"2015"|"Gustavo Santos"|"Delhi Dynamos FC"|"08/03/1994"|"179"|"FW"
"2015"|"Pronay Halder"|"FC Goa"|"25/02/1993"|"174"|"MF"
"2015"|"Siam Hanghal"|"NorthEast United FC"|"26/05/1993"|"182"|"MF"
"2015"|"Boithang Haokip"|"NorthEast United FC"|"09/03/1991"|"178"|"MF"
"2015"|"Semboi Haokip"|"FC Goa"|"13/03/1993"|"183"|"FW"
"2015"|"Hélder Postiga"|"ATK"|"02/08/1982"|"182"|"FW"
"2015"|"Cédric Hengbart"|"NorthEast United FC"|"13/07/1980"|"183"|"DF"
"2015"|"Mehtab Hossain"|"Kerala Blasters"|"13/10/1981"|"171"|"MF"
"2015"|"Iain Hume"|"ATK"|"30/10/1983"|"170"|"FW"
"2015"|"Arata Izumi"|"ATK"|"31/07/1982"|"175"|"MF"
"2015"|"Bikash Jairu"|"FC Pune City"|"10/11/1990"|NA|"MF"
"2015"|"Javi Lara"|"ATK"|"04/12/1985"|"179"|"MF"
"2015"|"Sandesh Jhingan"|"Kerala Blasters"|"21/07/1993"|"188"|"DF"
"2015"|"João Coimbra"|"Kerala Blasters"|"24/05/1986"|"183"|"MF"
"2015"|"Jofre"|"FC Goa"|"24/01/1980"|"171"|"MF"
"2015"|"Roger Johnson"|"FC Pune City"|"28/04/1983"|"191"|"DF"
"2015"|"Jonatan Lucca"|"FC Goa"|"02/06/1994"|"187"|"MF"
"2015"|"Jorge Alonso"|"ATK"|"05/01/1985"|"178"|"MF"
"2015"|"Josemi"|"ATK"|"15/11/1979"|"183"|"DF"
"2015"|"Josu"|"Kerala Blasters"|"27/02/1993"|"176"|"DF"
"2015"|"Juan Aguilera"|"Mumbai City FC"|"13/09/1985"|"185"|"MF"
"2015"|"Diomansy Kamara"|"NorthEast United FC"|"08/11/1980"|"185"|"FW"
"2015"|"Laxmikant Kattimani"|"FC Goa"|"03/05/1989"|"183"|"GK"
"2015"|"Harmanjot Khabra"|"Chennaiyin FC"|"18/12/1988"|"181"|"MF"
"2015"|"Aibor Khongjee"|"NorthEast United FC"|"09/12/1987"|"180"|"DF"
"2015"|"Pritam Kotal"|"FC Pune City"|"08/09/1993"|"176"|"DF"
"2015"|"Gurjinder Kumar"|"FC Pune City"|"10/10/1990"|"178"|"DF"
"2015"|"Pawan Kumar"|"Chennaiyin FC"|"01/07/1990"|"182"|"GK"
"2015"|"Ravi Kumar"|"Delhi Dynamos FC"|"04/07/1993"|"180"|"GK"
"2015"|"Sampath Kuttimani"|"Mumbai City FC"|"28/09/1986"|"185"|"FW"
"2015"|"Nidhin Lal"|"Chennaiyin FC"|"07/06/1991"|"183"|"GK"
"2015"|"Lalchawnkima"|"ATK"|"31/05/1991"|"180"|"DF"
"2015"|"Jeje Lalpekhlua"|"Chennaiyin FC"|"07/01/1991"|"173"|"FW"
"2015"|"Fanai Lalrempuia"|"FC Pune City"|"11/05/1996"|"173"|"MF"
"2015"|"Robert Lalthlamuana"|"Delhi Dynamos FC"|"04/09/1988"|"171"|"DF"
"2015"|"Dejan Lekic"|"ATK"|"07/06/1985"|"193"|"FW"
"2015"|"Leó Moura"|"FC Goa"|"23/10/1978"|"176"|"DF"
"2015"|"Cavin Lobo"|"Kerala Blasters"|"04/04/1988"|"170"|"MF"
"2015"|"Javier López"|"NorthEast United FC"|"19/03/1980"|"186"|"DF"
"2015"|"Luciano Sabrosa"|"FC Goa"|"25/07/1979"|"181"|"MF"
"2015"|"Lúcio"|"FC Goa"|"08/05/1978"|"188"|"DF"
"2015"|"Eugeneson Lyngdoh"|"FC Pune City"|"10/09/1986"|"175"|"MF"
"2015"|"Mailson"|"Chennaiyin FC"|"05/02/1988"|"183"|"DF"
"2015"|"Manish Maithani"|"FC Pune City"|"05/11/1987"|NA|"MF"
"2015"|"Debjit Majumder"|"Mumbai City FC"|"06/03/1988"|"175"|"GK"
"2015"|"Florent Malouda"|"Delhi Dynamos FC"|"13/06/1980"|"181"|"MF"
"2015"|"Shylo Malsawmtluanga"|"Delhi Dynamos FC"|"24/10/1984"|NA|"MF"
"2015"|"Marchena"|"Kerala Blasters"|"31/07/1979"|"183"|"DF"
"2015"|"Sushanth Mathew"|"FC Pune City"|"18/05/1978"|"174"|"DF"
"2015"|"Ashutosh Mehta"|"Mumbai City FC"|"21/02/1991"|"176"|"MF"
"2015"|"John Mendoza"|"Chennaiyin FC"|"27/06/1992"|"172"|"FW"
"2015"|"Bernard Mendy"|"Chennaiyin FC"|"20/08/1981"|"180"|"DF"
"2015"|"Victor Mendy"|"NorthEast United FC"|"22/12/1981"|"180"|"FW"
"2015"|"Miguel García"|"NorthEast United FC"|"04/02/1983"|"179"|"DF"
"2015"|"Clifford Miranda"|"ATK"|"11/07/1982"|"172"|"MF"
"2015"|"Nallappan Mohanraj"|"ATK"|"23/02/1989"|NA|"DF"
"2015"|"Arnab Mondal"|"ATK"|"25/09/1989"|"179"|"DF"
"2015"|"Deepak Mondal"|"Kerala Blasters"|"13/10/1979"|"173"|"DF"
"2015"|"Hans Mulder"|"Delhi Dynamos FC"|"27/04/1987"|"180"|"MF"
"2015"|"Zakeer Mundampara"|"Chennaiyin FC"|"20/05/1990"|NA|"MF"
"2015"|"Adrian Mutu"|"FC Pune City"|"08/01/1979"|"180"|"FW"
"2015"|"Adil Nabi"|"Delhi Dynamos FC"|"28/02/1994"|"172"|"MF"
"2015"|"Syed Nabi"|"ATK"|"14/12/1985"|"170"|"DF"
"2015"|"Sandip Nandy"|"Kerala Blasters"|"15/01/1975"|"177"|"GK"
"2015"|"Holicharan Narzary"|"NorthEast United FC"|"10/05/1994"|"174"|"FW"
"2015"|"Ofentse Nato"|"ATK"|"01/10/1989"|"183"|"MF"
"2015"|"Sony Nordé"|"Mumbai City FC"|"27/07/1989"|"176"|"FW"
"2015"|"Darren O'Dea"|"Mumbai City FC"|"04/02/1987"|"186"|"DF"
"2015"|"Gilbert Oliveira"|"Chennaiyin FC"|"31/05/1990"|"155"|"MF"
"2015"|"Dudu Omangbemi"|"FC Goa"|"18/07/1985"|"179"|"FW"
"2015"|"Shilton Pal"|"Kerala Blasters"|"10/06/1988"|NA|"GK"
"2015"|"Subrata Pal"|"Mumbai City FC"|"24/12/1986"|"183"|"GK"
"2015"|"Rehenesh Paramba"|"NorthEast United FC"|"13/02/1993"|"178"|"GK"
"2015"|"Keegan Pereira"|"Mumbai City FC"|"07/11/1987"|"180"|"DF"
"2015"|"Frédéric Piquionne"|"Mumbai City FC"|"08/12/1978"|"188"|"FW"
"2015"|"Alessandro Potenza"|"Chennaiyin FC"|"08/03/1984"|"185"|"DF"
"2015"|"Sanju Pradhan"|"NorthEast United FC"|"15/08/1989"|"168"|"MF"
"2015"|"Pulga"|"Kerala Blasters"|"06/11/1985"|"179"|"MF"
"2015"|"Rafael Coelho"|"FC Goa"|"20/05/1988"|"174"|"FW"
"2015"|"Mohammed Rafi"|"Kerala Blasters"|"24/05/1982"|"179"|"FW"
"2015"|"Mohammed Rafique"|"ATK"|"20/09/1992"|"173"|"FW"
"2015"|"Jewel Raja"|"ATK"|"18/01/1990"|"172"|"FW"
"2015"|"Yumnam Raju"|"NorthEast United FC"|"03/07/1989"|"170"|"DF"
"2015"|"Lalhmangaihsanga Ralte"|"Chennaiyin FC"|"06/07/1988"|"170"|"DF"
"2015"|"Lalrindika Ralte"|"Mumbai City FC"|"07/09/1992"|"173"|"MF"
"2015"|"Lalthummawaia Ralte"|"NorthEast United FC"|"28/11/1992"|"177"|"GK"
"2015"|"Zodingliana Ralte"|"Delhi Dynamos FC"|"05/05/1995"|"175"|"MF"
"2015"|"Zohmingliana Ralte"|"NorthEast United FC"|"02/10/1987"|"178"|"DF"
"2015"|"Peter Ramage"|"Kerala Blasters"|"22/11/1983"|"185"|"DF"
"2015"|"Jayesh Rane"|"Chennaiyin FC"|"20/02/1993"|"175"|"FW"
"2015"|"Raphael Augusto"|"Chennaiyin FC"|"06/03/1991"|"181"|"MF"
"2015"|"Dharmaraj Ravanan"|"FC Pune City"|"29/07/1987"|"181"|"DF"
"2015"|"Reinaldo"|"FC Goa"|"14/03/1979"|"187"|"FW"
"2015"|"John Arne Riise"|"Delhi Dynamos FC"|"24/09/1980"|"185"|"DF"
"2015"|"Roberto Carlos"|"Delhi Dynamos FC"|"10/04/1973"|"168"|"DF"
"2015"|"Rodrigo Arroz"|"Kerala Blasters"|"21/03/1984"|"184"|"DF"
"2015"|"Lenny Rodrigues"|"FC Pune City"|"10/05/1987"|"185"|"MF"
"2015"|"Rowilson Rodrigues"|"Mumbai City FC"|"26/03/1987"|"181"|"DF"
"2015"|"Debabrata Roy"|"FC Goa"|"04/11/1986"|"173"|"DF"
"2015"|"Yendrick Ruiz"|"FC Pune City"|"12/04/1987"|"185"|"FW"
"2015"|"Chinadorai Sabeeth"|"FC Goa"|"02/12/1990"|"178"|"FW"
"2015"|"Baljit Sahni"|"ATK"|"12/01/1987"|NA|"MF"
"2015"|"Shankar Sampingiraj"|"Kerala Blasters"|"14/12/1994"|"184"|"MF"
"2015"|"Tuncay Sanli"|"FC Pune City"|"16/01/1982"|"182"|"FW"
"2015"|"Boubacar Sanogo"|"NorthEast United FC"|"17/12/1982"|"187"|"FW"
"2015"|"Pratesh Shirodkar"|"Mumbai City FC"|"19/02/1989"|"158"|"MF"
"2015"|"Nicky Shorey"|"FC Pune City"|"19/02/1981"|"175"|"DF"
"2015"|"Silas"|"NorthEast United FC"|"01/09/1976"|"176"|"MF"
"2015"|"Simão"|"NorthEast United FC"|"31/10/1979"|"170"|"MF"
"2015"|"Steve Simonsen"|"FC Pune City"|"03/04/1979"|"188"|"GK"
"2015"|"Amrinder Singh"|"ATK"|"27/05/1993"|"186"|"GK"
"2015"|"Balwant Singh"|"Chennaiyin FC"|"15/12/1986"|"180"|"FW"
"2015"|"Bikramjit Singh"|"FC Goa"|"15/10/1992"|"171"|"MF"
"2015"|"Dhanachandra Singh"|"Chennaiyin FC"|"04/03/1987"|NA|"DF"
"2015"|"Gouramangi Singh"|"FC Pune City"|"25/01/1985"|"186"|"DF"
"2015"|"Gurwinder Singh"|"Kerala Blasters"|"16/04/1986"|"183"|"DF"
"2015"|"Jackichand Singh"|"FC Pune City"|"17/03/1992"|"170"|"FW"
"2015"|"Karanjit Singh"|"Chennaiyin FC"|"08/01/1986"|"186"|"GK"
"2015"|"Manandeep Singh"|"Kerala Blasters"|"03/11/1992"|"180"|"FW"
"2015"|"Moiranthem Govin Singh"|"FC Pune City"|"03/01/1988"|"183"|"DF"
"2015"|"Naoba Singh"|"Delhi Dynamos FC"|"06/03/1988"|NA|"DF"
"2015"|"Ramandeep Singh"|"Kerala Blasters"|"27/06/1991"|NA|"DF"
"2015"|"Reagan Singh"|"NorthEast United FC"|"01/04/1991"|"173"|"DF"
"2015"|"Renedy Singh"|"Kerala Blasters"|"20/06/1979"|"178"|"MF"
"2015"|"Robin Singh"|"Delhi Dynamos FC"|"09/05/1990"|"185"|"FW"
"2015"|"Satiyasen Singh"|"NorthEast United FC"|"12/03/1992"|"178"|"FW"
"2015"|"Sehnaj Singh"|"Delhi Dynamos FC"|"29/07/1993"|"179"|"MF"
"2015"|"Singam Singh"|"Mumbai City FC"|"02/02/1990"|"175"|"FW"
"2015"|"Sushil Singh"|"ATK"|"25/06/1984"|"180"|"FW"
"2015"|"Thangjam Singh"|"Mumbai City FC"|"01/03/1987"|NA|"MF"
"2015"|"Thoi Singh"|"Chennaiyin FC"|"05/10/1990"|"168"|"MF"
"2015"|"Justin Stephen"|"Chennaiyin FC"|"28/01/1988"|"184"|"DF"
"2015"|"Marlanki Suting"|"NorthEast United FC"|"09/01/1986"|"173"|"MF"
"2015"|"Fikru Teferra"|"Chennaiyin FC"|"24/01/1986"|NA|"FW"
"2015"|"Lalit Thapa"|"FC Pune City"|"20/12/1984"|NA|"GK"
"2015"|"Tiri"|"ATK"|"14/07/1991"|"182"|"DF"
"2015"|"Toni Doblas"|"Delhi Dynamos FC"|"05/08/1980"|"184"|"GK"
"2015"|"Kalu Uche"|"FC Pune City"|"15/11/1982"|"178"|"FW"
"2015"|"Valdo"|"ATK"|"23/04/1981"|"184"|"MF"
"2015"|"Nicolás Vélez"|"NorthEast United FC"|"04/07/1990"|"173"|"MF"
"2015"|"Wesley Verhoek"|"FC Pune City"|"25/09/1986"|"187"|"FW"
"2015"|"Victor Simões"|"FC Goa"|"23/03/1981"|"179"|"FW"
"2015"|"Gunashekar Vignesh"|"Delhi Dynamos FC"|"30/09/1988"|"172"|"MF"
"2015"|"C.K. Vineeth"|"Kerala Blasters"|"20/05/1988"|"178"|"FW"
"2015"|"Mehrjajuddin Wadoo"|"Chennaiyin FC"|"12/02/1984"|"186"|"MF"
"2015"|"Marcus Williams"|"Kerala Blasters"|"08/04/1986"|"173"|"DF"
"2015"|"Didier Zokora"|"FC Pune City"|"14/12/1980"|"179"|"MF"
"2015 playoffs"|"Joaquim Abranches"|"FC Goa"|"28/10/1985"|NA|"FW"
"2015 playoffs"|"Anwar Ali"|"Delhi Dynamos FC"|"24/09/1984"|"189"|"DF"
"2015 playoffs"|"Keenan Almeida"|"FC Goa"|"10/10/1991"|NA|"DF"
"2015 playoffs"|"Rino Anto"|"ATK"|"03/01/1988"|"174"|"DF"
"2015 playoffs"|"Gregory Arnolin"|"FC Goa"|"10/11/1980"|"187"|"DF"
"2015 playoffs"|"Luis Barreto"|"FC Goa"|"14/10/1980"|NA|"GK"
"2015 playoffs"|"Kunzang Bhutia"|"ATK"|"03/01/1994"|"186"|"GK"
"2015 playoffs"|"Nadong Bhutia"|"ATK"|"25/11/1993"|"180"|"FW"
"2015 playoffs"|"Manuele Blasi"|"Chennaiyin FC"|"17/08/1980"|"178"|"MF"
"2015 playoffs"|"Borja"|"ATK"|"14/01/1981"|"188"|"MF"
"2015 playoffs"|"Bruno Pelissari"|"Chennaiyin FC"|"03/01/1993"|"181"|"MF"
"2015 playoffs"|"Calatayud"|"ATK"|"21/12/1979"|"191"|"GK"
"2015 playoffs"|"Souvik Chakraborty"|"Delhi Dynamos FC"|"12/07/1987"|"172"|"MF"
"2015 playoffs"|"Chicão"|"Delhi Dynamos FC"|"03/06/1981"|"181"|"DF"
"2015 playoffs"|"Subhashish Chowdhury"|"Delhi Dynamos FC"|"27/09/1986"|"186"|"GK"
"2015 playoffs"|"Nicolau Colaco"|"FC Goa"|"16/05/1984"|"180"|"DF"
"2015 playoffs"|"Abhishek Das"|"Chennaiyin FC"|"15/09/1993"|"170"|"DF"
"2015 playoffs"|"Narayan Das"|"FC Goa"|"25/09/1993"|"178"|"MF"
"2015 playoffs"|"Prabir Das"|"Delhi Dynamos FC"|"20/12/1993"|"172"|"MF"
"2015 playoffs"|"Vinicius Ferreira De Souza"|"Delhi Dynamos FC"|NA|NA|"FW"
"2015 playoffs"|"Ishan Debnath"|"Delhi Dynamos FC"|"07/06/1991"|"178"|"GK"
"2015 playoffs"|"Ishkant Debnath"|"Delhi Dynamos FC"|"30/07/1991"|NA|"GK"
"2015 playoffs"|"Mandar Dessai"|"FC Goa"|"18/03/1992"|"171"|"MF"
"2015 playoffs"|"Denson Devadas"|"FC Goa"|"20/12/1982"|"178"|"MF"
"2015 playoffs"|"Seiminlen Doungel"|"Delhi Dynamos FC"|"03/01/1994"|"172"|"FW"
"2015 playoffs"|"Sameehg Doutie"|"ATK"|"31/05/1989"|"172"|"MF"
"2015 playoffs"|"Darryl Duffy"|"FC Goa"|"16/04/1984"|"180"|"FW"
"2015 playoffs"|"Anas Edathodika"|"Delhi Dynamos FC"|"15/02/1987"|"184"|"DF"
"2015 playoffs"|"Apoula Edel"|"Chennaiyin FC"|"17/06/1986"|"184"|"GK"
"2015 playoffs"|"Éder"|"Chennaiyin FC"|"21/09/1983"|"183"|"DF"
"2015 playoffs"|"Elano"|"Chennaiyin FC"|"14/06/1981"|"174"|"MF"
"2015 playoffs"|"Elinton Andrade"|"FC Goa"|"30/03/1979"|"190"|"GK"
"2015 playoffs"|"Augustin Fernandes"|"ATK"|"13/10/1987"|"178"|"DF"
"2015 playoffs"|"Francis Fernandes"|"Delhi Dynamos FC"|"25/11/1985"|"167"|"MF"
"2015 playoffs"|"Romeo Fernandes"|"FC Goa"|"06/07/1992"|"168"|"FW"
"2015 playoffs"|"Victorino Fernandes"|"FC Goa"|"03/02/1989"|"167"|"FW"
"2015 playoffs"|"Denzil Franco"|"ATK"|"30/06/1986"|"177"|"DF"
"2015 playoffs"|"Godwin Franco"|"Chennaiyin FC"|"16/02/1985"|NA|"MF"
"2015 playoffs"|"Richard Gadze"|"Delhi Dynamos FC"|"23/08/1993"|"176"|"FW"
"2015 playoffs"|"Raju Gaikwad"|"FC Goa"|"25/09/1990"|"180"|"DF"
"2015 playoffs"|"Dhanpal Ganesh"|"Chennaiyin FC"|"13/06/1994"|"185"|"MF"
"2015 playoffs"|"Gavilán"|"ATK"|"12/05/1985"|"178"|"MF"
"2015 playoffs"|"Sanjiban Ghosh"|"Delhi Dynamos FC"|"06/07/1991"|"183"|"GK"
"2015 playoffs"|"Serginho Greene"|"Delhi Dynamos FC"|"24/06/1982"|"178"|"DF"
"2015 playoffs"|"Gustavo Santos"|"Delhi Dynamos FC"|"08/03/1994"|"179"|"FW"
"2015 playoffs"|"Pronay Halder"|"FC Goa"|"25/02/1993"|"174"|"MF"
"2015 playoffs"|"Semboi Haokip"|"FC Goa"|"13/03/1993"|"183"|"FW"
"2015 playoffs"|"Hélder Postiga"|"ATK"|"02/08/1982"|"182"|"FW"
"2015 playoffs"|"Iain Hume"|"ATK"|"30/10/1983"|"170"|"FW"
"2015 playoffs"|"Arata Izumi"|"ATK"|"31/07/1982"|"175"|"MF"
"2015 playoffs"|"Javi Lara"|"ATK"|"04/12/1985"|"179"|"MF"
"2015 playoffs"|"Jofre"|"FC Goa"|"24/01/1980"|"171"|"MF"
"2015 playoffs"|"Jonatan Lucca"|"FC Goa"|"02/06/1994"|"187"|"MF"
"2015 playoffs"|"Jorge Alonso"|"ATK"|"05/01/1985"|"178"|"MF"
"2015 playoffs"|"Josemi"|"ATK"|"15/11/1979"|"183"|"DF"
"2015 playoffs"|"Laxmikant Kattimani"|"FC Goa"|"03/05/1989"|"183"|"GK"
"2015 playoffs"|"Harmanjot Khabra"|"Chennaiyin FC"|"18/12/1988"|"181"|"MF"
"2015 playoffs"|"Pawan Kumar"|"Chennaiyin FC"|"01/07/1990"|"182"|"GK"
"2015 playoffs"|"Ravi Kumar"|"Delhi Dynamos FC"|"04/07/1993"|"180"|"GK"
"2015 playoffs"|"Nidhin Lal"|"Chennaiyin FC"|"07/06/1991"|"183"|"GK"
"2015 playoffs"|"Lalchawnkima"|"ATK"|"31/05/1991"|"180"|"DF"
"2015 playoffs"|"Jeje Lalpekhlua"|"Chennaiyin FC"|"07/01/1991"|"173"|"FW"
"2015 playoffs"|"Robert Lalthlamuana"|"Delhi Dynamos FC"|"04/09/1988"|"171"|"DF"
"2015 playoffs"|"Dejan Lekic"|"ATK"|"07/06/1985"|"193"|"FW"
"2015 playoffs"|"Leó Moura"|"FC Goa"|"23/10/1978"|"176"|"DF"
"2015 playoffs"|"Luciano Sabrosa"|"FC Goa"|"25/07/1979"|"181"|"MF"
"2015 playoffs"|"Lúcio"|"FC Goa"|"08/05/1978"|"188"|"DF"
"2015 playoffs"|"Mailson"|"Chennaiyin FC"|"05/02/1988"|"183"|"DF"
"2015 playoffs"|"Florent Malouda"|"Delhi Dynamos FC"|"13/06/1980"|"181"|"MF"
"2015 playoffs"|"Shylo Malsawmtluanga"|"Delhi Dynamos FC"|"24/10/1984"|NA|"MF"
"2015 playoffs"|"John Mendoza"|"Chennaiyin FC"|"27/06/1992"|"172"|"FW"
"2015 playoffs"|"Bernard Mendy"|"Chennaiyin FC"|"20/08/1981"|"180"|"DF"
"2015 playoffs"|"Clifford Miranda"|"ATK"|"11/07/1982"|"172"|"MF"
"2015 playoffs"|"Nallappan Mohanraj"|"ATK"|"23/02/1989"|NA|"DF"
"2015 playoffs"|"Arnab Mondal"|"ATK"|"25/09/1989"|"179"|"DF"
"2015 playoffs"|"Hans Mulder"|"Delhi Dynamos FC"|"27/04/1987"|"180"|"MF"
"2015 playoffs"|"Zakeer Mundampara"|"Chennaiyin FC"|"20/05/1990"|NA|"MF"
"2015 playoffs"|"Adil Nabi"|"Delhi Dynamos FC"|"28/02/1994"|"172"|"MF"
"2015 playoffs"|"Syed Nabi"|"ATK"|"14/12/1985"|"170"|"DF"
"2015 playoffs"|"Ofentse Nato"|"ATK"|"01/10/1989"|"183"|"MF"
"2015 playoffs"|"Gilbert Oliveira"|"Chennaiyin FC"|"31/05/1990"|"155"|"MF"
"2015 playoffs"|"Dudu Omangbemi"|"FC Goa"|"18/07/1985"|"179"|"FW"
"2015 playoffs"|"Alessandro Potenza"|"Chennaiyin FC"|"08/03/1984"|"185"|"DF"
"2015 playoffs"|"Rafael Coelho"|"FC Goa"|"20/05/1988"|"174"|"FW"
"2015 playoffs"|"Mohammed Rafique"|"ATK"|"20/09/1992"|"173"|"FW"
"2015 playoffs"|"Jewel Raja"|"ATK"|"18/01/1990"|"172"|"FW"
"2015 playoffs"|"Lalhmangaihsanga Ralte"|"Chennaiyin FC"|"06/07/1988"|"170"|"DF"
"2015 playoffs"|"Zodingliana Ralte"|"Delhi Dynamos FC"|"05/05/1995"|"175"|"MF"
"2015 playoffs"|"Jayesh Rane"|"Chennaiyin FC"|"20/02/1993"|"175"|"FW"
"2015 playoffs"|"Raphael Augusto"|"Chennaiyin FC"|"06/03/1991"|"181"|"MF"
"2015 playoffs"|"Reinaldo"|"FC Goa"|"14/03/1979"|"187"|"FW"
"2015 playoffs"|"John Arne Riise"|"Delhi Dynamos FC"|"24/09/1980"|"185"|"DF"
"2015 playoffs"|"Roberto Carlos"|"Delhi Dynamos FC"|"10/04/1973"|"168"|"DF"
"2015 playoffs"|"Debabrata Roy"|"FC Goa"|"04/11/1986"|"173"|"DF"
"2015 playoffs"|"Chinadorai Sabeeth"|"FC Goa"|"02/12/1990"|"178"|"FW"
"2015 playoffs"|"Baljit Sahni"|"ATK"|"12/01/1987"|NA|"MF"
"2015 playoffs"|"Amrinder Singh"|"ATK"|"27/05/1993"|"186"|"GK"
"2015 playoffs"|"Balwant Singh"|"Chennaiyin FC"|"15/12/1986"|"180"|"FW"
"2015 playoffs"|"Bikramjit Singh"|"FC Goa"|"15/10/1992"|"171"|"MF"
"2015 playoffs"|"Dhanachandra Singh"|"Chennaiyin FC"|"04/03/1987"|NA|"DF"
"2015 playoffs"|"Karanjit Singh"|"Chennaiyin FC"|"08/01/1986"|"186"|"GK"
"2015 playoffs"|"Naoba Singh"|"Delhi Dynamos FC"|"06/03/1988"|NA|"DF"
"2015 playoffs"|"Robin Singh"|"Delhi Dynamos FC"|"09/05/1990"|"185"|"FW"
"2015 playoffs"|"Sehnaj Singh"|"Delhi Dynamos FC"|"29/07/1993"|"179"|"MF"
"2015 playoffs"|"Sushil Singh"|"ATK"|"25/06/1984"|"180"|"FW"
"2015 playoffs"|"Thoi Singh"|"Chennaiyin FC"|"05/10/1990"|"168"|"MF"
"2015 playoffs"|"Justin Stephen"|"Chennaiyin FC"|"28/01/1988"|"184"|"DF"
"2015 playoffs"|"Fikru Teferra"|"Chennaiyin FC"|"24/01/1986"|NA|"FW"
"2015 playoffs"|"Tiri"|"ATK"|"14/07/1991"|"182"|"DF"
"2015 playoffs"|"Toni Doblas"|"Delhi Dynamos FC"|"05/08/1980"|"184"|"GK"
"2015 playoffs"|"Valdo"|"ATK"|"23/04/1981"|"184"|"MF"
"2015 playoffs"|"Victor Simões"|"FC Goa"|"23/03/1981"|"179"|"FW"
"2015 playoffs"|"Gunashekar Vignesh"|"Delhi Dynamos FC"|"30/09/1988"|"172"|"MF"
"2015 playoffs"|"Mehrjajuddin Wadoo"|"Chennaiyin FC"|"12/02/1984"|"186"|"MF"
"2016"|"David Addy"|"Delhi Dynamos FC"|"21/02/1990"|"183"|"DF"
"2016"|"Ishfaq Ahmed"|"Kerala Blasters"|"17/03/1983"|NA|"MF"
"2016"|"Emiliano Alfaro"|"NorthEast United FC"|"28/04/1988"|"172"|"FW"
"2016"|"Anwar Ali"|"Mumbai City FC"|"24/09/1984"|"189"|"DF"
"2016"|"Keenan Almeida"|"FC Goa"|"10/10/1991"|NA|"DF"
"2016"|"Sasha Aneff"|"NorthEast United FC"|"26/06/1991"|"186"|"FW"
"2016"|"Soram Anganba"|"Delhi Dynamos FC"|"24/12/1992"|"182"|"GK"
"2016"|"Mohamed Ansari"|"Kerala Blasters"|NA|NA|"GK"
"2016"|"Rino Anto"|"Kerala Blasters"|"03/01/1988"|"174"|"DF"
"2016"|"Gregory Arnolin"|"FC Goa"|"10/11/1980"|"187"|"DF"
"2016"|"Badara Badji"|"Delhi Dynamos FC"|"24/02/1994"|"192"|"FW"
"2016"|"Sanjay Balmuchu"|"FC Goa"|"05/01/1992"|NA|"MF"
"2016"|"Juan Belencoso"|"ATK"|"01/09/1981"|"186"|"FW"
"2016"|"Kervens Belfort"|"Kerala Blasters"|"16/05/1992"|"185"|"FW"
"2016"|"Arindam Bhattacharya"|"FC Pune City"|"11/12/1989"|"188"|"GK"
"2016"|"Rahul Bheke"|"FC Pune City"|"06/12/1990"|"179"|"DF"
"2016"|"André Bikey"|"FC Pune City"|"08/01/1985"|"182"|"DF"
"2016"|"Manuele Blasi"|"Chennaiyin FC"|"17/08/1980"|"178"|"MF"
"2016"|"Rowllin Borges"|"NorthEast United FC"|"05/06/1992"|"183"|"MF"
"2016"|"Borja"|"ATK"|"14/01/1981"|"188"|"MF"
"2016"|"Bruno"|"FC Pune City"|"13/02/1985"|"176"|"MF"
"2016"|"Bruno Pelissari"|"Delhi Dynamos FC"|"03/01/1993"|"181"|"MF"
"2016"|"Cafu"|"Mumbai City FC"|"22/01/1996"|"168"|"FW"
"2016"|"Facundo Cardozo"|"Mumbai City FC"|"06/04/1995"|"182"|"DF"
"2016"|"Fulganco Cardozo"|"FC Goa"|"23/01/1988"|NA|"DF"
"2016"|"Souvik Chakraborty"|"Delhi Dynamos FC"|"12/07/1987"|"172"|"MF"
"2016"|"Nirmal Chettri"|"NorthEast United FC"|"21/10/1990"|"175"|"DF"
"2016"|"Lallianzuala Chhangte"|"NorthEast United FC"|"06/08/1997"|"167"|"MF"
"2016"|"Sunil Chhetri"|"Mumbai City FC"|"03/08/1984"|"172"|"FW"
"2016"|"Michael Chopra"|"Kerala Blasters"|"23/12/1983"|"175"|"FW"
"2016"|"Faroukh Choudhary"|"Kerala Blasters"|"24/06/1996"|NA|"FW"
"2016"|"Pratik Chowdhary"|"Kerala Blasters"|"04/10/1989"|"188"|"DF"
"2016"|"Subhashish Chowdhury"|"FC Goa"|"27/09/1986"|"186"|"GK"
"2016"|"Robert Cullen"|"NorthEast United FC"|"07/06/1985"|"179"|"FW"
"2016"|"Dani Mallo"|"ATK"|"25/01/1979"|"185"|"GK"
"2016"|"Abhishek Das"|"Chennaiyin FC"|"15/09/1993"|"170"|"DF"
"2016"|"Narayan Das"|"FC Pune City"|"25/09/1993"|"178"|"DF"
"2016"|"Prabir Das"|"ATK"|"20/12/1993"|"172"|"MF"
"2016"|"Arnab Das Sharma"|"Mumbai City FC"|"11/12/1987"|"183"|"GK"
"2016"|"Ishan Debnath"|"NorthEast United FC"|"07/06/1991"|"178"|"GK"
"2016"|"Kingshuk Debnath"|"ATK"|"08/05/1985"|NA|"DF"
"2016"|"Matías Defederico"|"Mumbai City FC"|"23/08/1989"|"168"|"FW"
"2016"|"Mandar Dessai"|"FC Goa"|"18/03/1992"|"171"|"MF"
"2016"|"Denson Devadas"|"Delhi Dynamos FC"|"20/12/1982"|"178"|"MF"
"2016"|"Amoes Do"|"Delhi Dynamos FC"|"04/09/1994"|NA|"MF"
"2016"|"Sameehg Doutie"|"ATK"|"31/05/1989"|"172"|"MF"
"2016"|"Anas Edathodika"|"Delhi Dynamos FC"|"15/02/1987"|"184"|"DF"
"2016"|"Apoula Edel"|"FC Pune City"|"17/06/1986"|"184"|"GK"
"2016"|"Éder"|"Chennaiyin FC"|"21/09/1983"|"183"|"DF"
"2016"|"Eduardo"|"FC Pune City"|"08/10/1983"|"189"|"DF"
"2016"|"Eli Sabiá"|"Chennaiyin FC"|"31/08/1988"|"187"|"DF"
"2016"|"Lalchhuanmawia Fanai"|"Mumbai City FC"|"14/04/1989"|"182"|"DF"
"2016"|"Augustin Fernandes"|"FC Pune City"|"13/10/1987"|"178"|"DF"
"2016"|"Francis Fernandes"|"FC Pune City"|"25/11/1985"|"167"|"MF"
"2016"|"Romeo Fernandes"|"FC Goa"|"06/07/1992"|"168"|"FW"
"2016"|"Victorino Fernandes"|"FC Goa"|"03/02/1989"|"167"|"FW"
"2016"|"Diego Forlán"|"Mumbai City FC"|"19/05/1979"|"179"|"FW"
"2016"|"Denzil Franco"|"FC Goa"|"30/06/1986"|"177"|"DF"
"2016"|"Richard Gadze"|"Delhi Dynamos FC"|"23/08/1993"|"176"|"FW"
"2016"|"Raju Gaikwad"|"FC Goa"|"25/09/1990"|"180"|"DF"
"2016"|"Gallardo"|"ATK"|"19/02/1986"|"184"|"DF"
"2016"|"Dhanpal Ganesh"|"Chennaiyin FC"|"13/06/1994"|"185"|"MF"
"2016"|"Alwyn George"|"Delhi Dynamos FC"|"03/01/1992"|"173"|"MF"
"2016"|"Antonio German"|"Kerala Blasters"|"26/12/1991"|"178"|"FW"
"2016"|"Gérson"|"Mumbai City FC"|"04/10/1992"|"179"|"DF"
"2016"|"Sanjiban Ghosh"|"Delhi Dynamos FC"|"06/07/1991"|"183"|"GK"
"2016"|"Shouvik Ghosh"|"NorthEast United FC"|"05/11/1992"|"181"|"DF"
"2016"|"Lucian Goian"|"Mumbai City FC"|"10/02/1983"|"185"|"DF"
"2016"|"Albino Gomes"|"Mumbai City FC"|"07/02/1994"|NA|"GK"
"2016"|"Robin Gurung"|"NorthEast United FC"|"26/10/1992"|"172"|"DF"
"2016"|"Gustavo Araújo"|"NorthEast United FC"|"09/03/1984"|"184"|"DF"
"2016"|"Pronay Halder"|"Mumbai City FC"|"25/02/1993"|"174"|"MF"
"2016"|"Siam Hanghal"|"Chennaiyin FC"|"26/05/1993"|"182"|"MF"
"2016"|"Boithang Haokip"|"Mumbai City FC"|"09/03/1991"|"178"|"MF"
"2016"|"Semboi Haokip"|"Kerala Blasters"|"13/03/1993"|"183"|"FW"
"2016"|"Hélder Postiga"|"ATK"|"02/08/1982"|"182"|"FW"
"2016"|"Cédric Hengbart"|"Kerala Blasters"|"13/07/1980"|"183"|"DF"
"2016"|"Mehtab Hossain"|"Kerala Blasters"|"13/10/1981"|"171"|"MF"
"2016"|"Aaron Hughes"|"Kerala Blasters"|"08/11/1979"|"183"|"DF"
"2016"|"Iain Hume"|"ATK"|"30/10/1983"|"170"|"FW"
"2016"|"Arata Izumi"|"FC Pune City"|"31/07/1982"|"175"|"MF"
"2016"|"Bikash Jairu"|"ATK"|"10/11/1990"|NA|"MF"
"2016"|"Javi Lara"|"ATK"|"04/12/1985"|"179"|"MF"
"2016"|"Sandesh Jhingan"|"Kerala Blasters"|"21/07/1993"|"188"|"DF"
"2016"|"Jofre"|"FC Goa"|"24/01/1980"|"171"|"MF"
"2016"|"Jonatan Lucca"|"FC Pune City"|"02/06/1994"|"187"|"MF"
"2016"|"Josu"|"Kerala Blasters"|"27/02/1993"|"176"|"DF"
"2016"|"Júlio César"|"FC Goa"|"26/02/1980"|"181"|"FW"
"2016"|"Didier Kadio"|"Kerala Blasters"|"05/04/1990"|"178"|"DF"
"2016"|"Vishal Kaith"|"FC Pune City"|"22/07/1996"|"188"|"GK"
"2016"|"Prasanth Karuthadathkuni"|"Kerala Blasters"|"24/06/1997"|NA|"FW"
"2016"|"Laxmikant Kattimani"|"FC Goa"|"03/05/1989"|"183"|"GK"
"2016"|"Duwayne Kerr"|"Chennaiyin FC"|"16/01/1987"|"199"|"GK"
"2016"|"Harmanjot Khabra"|"Chennaiyin FC"|"18/12/1988"|"181"|"MF"
"2016"|"Aibor Khongjee"|"Mumbai City FC"|"09/12/1987"|"180"|"DF"
"2016"|"Pritam Kotal"|"ATK"|"08/09/1993"|"176"|"DF"
"2016"|"Pawan Kumar"|"Chennaiyin FC"|"01/07/1990"|"182"|"GK"
"2016"|"Nidhin Lal"|"Chennaiyin FC"|"07/06/1991"|"183"|"GK"
"2016"|"Lalchawnkima"|"Delhi Dynamos FC"|"31/05/1991"|"180"|"DF"
"2016"|"Daniel Lalhlimpuia"|"Chennaiyin FC"|"12/09/1997"|"184"|"FW"
"2016"|"Jeje Lalpekhlua"|"Chennaiyin FC"|"07/01/1991"|"173"|"FW"
"2016"|"Fanai Lalrempuia"|"NorthEast United FC"|"11/05/1996"|"173"|"MF"
"2016"|"David Lalrinmuana"|"Mumbai City FC"|"09/11/1992"|NA|"MF"
"2016"|"Jerry Lalrinzuala"|"Chennaiyin FC"|"13/07/1998"|"174"|"DF"
"2016"|"Lalruatthara"|"Delhi Dynamos FC"|"17/01/1995"|"180"|"DF"
"2016"|"Robert Lalthlamuana"|"ATK"|"04/09/1988"|"171"|"DF"
"2016"|"Léo Costa"|"Mumbai City FC"|"03/03/1986"|"181"|"MF"
"2016"|"Kean Lewis"|"Delhi Dynamos FC"|"19/09/1992"|"170"|"MF"
"2016"|"Luciano Sabrosa"|"FC Goa"|"25/07/1979"|"181"|"MF"
"2016"|"Lúcio"|"FC Goa"|"08/05/1978"|"188"|"DF"
"2016"|"Munmun Lugun"|"Mumbai City FC"|"05/05/1993"|"176"|"DF"
"2016"|"Eugeneson Lyngdoh"|"FC Pune City"|"10/09/1986"|"175"|"MF"
"2016"|"Azrack Mahamat"|"Kerala Blasters"|"24/03/1988"|"181"|"MF"
"2016"|"Mailson"|"NorthEast United FC"|"05/02/1988"|"183"|"DF"
"2016"|"Manish Maithani"|"FC Pune City"|"05/11/1987"|NA|"MF"
"2016"|"Debjit Majumder"|"ATK"|"06/03/1988"|"175"|"GK"
"2016"|"Florent Malouda"|"Delhi Dynamos FC"|"13/06/1980"|"181"|"MF"
"2016"|"Sawmtea Malsawmzuala"|"Delhi Dynamos FC"|"12/09/1997"|"179"|"MF"
"2016"|"Marcelinho"|"Delhi Dynamos FC"|"22/06/1987"|"172"|"MF"
"2016"|"Matheus Trindade"|"FC Goa"|"05/03/1996"|"175"|"MF"
"2016"|"Jerry Mawihmingthanga"|"NorthEast United FC"|"09/03/1997"|NA|"FW"
"2016"|"Ashutosh Mehta"|"Mumbai City FC"|"21/02/1991"|"176"|"MF"
"2016"|"Memo"|"Delhi Dynamos FC"|"14/02/1988"|"179"|"MF"
"2016"|"Bernard Mendy"|"Chennaiyin FC"|"20/08/1981"|"180"|"DF"
"2016"|"Nallappan Mohanraj"|"Chennaiyin FC"|"23/02/1989"|NA|"DF"
"2016"|"Arnab Mondal"|"ATK"|"25/09/1989"|"179"|"DF"
"2016"|"Hans Mulder"|"Chennaiyin FC"|"27/04/1987"|"180"|"MF"
"2016"|"Zakeer Mundampara"|"Chennaiyin FC"|"20/05/1990"|NA|"MF"
"2016"|"Ouzin N'Doye"|"Kerala Blasters"|"10/04/1992"|"189"|"DF"
"2016"|"Samir Nabi"|"Delhi Dynamos FC"|"16/12/1997"|"182"|"MF"
"2016"|"Sandip Nandy"|"Kerala Blasters"|"15/01/1975"|"177"|"GK"
"2016"|"Holicharan Narzary"|"NorthEast United FC"|"10/05/1994"|"174"|"FW"
"2016"|"Ofentse Nato"|"ATK"|"01/10/1989"|"183"|"MF"
"2016"|"Duckens Nazon"|"Kerala Blasters"|"07/04/1994"|"181"|"FW"
"2016"|"Momar Ndoye"|"FC Pune City"|"10/03/1992"|"179"|"FW"
"2016"|"Ibrahima Niasse"|"Delhi Dynamos FC"|"18/04/1988"|"188"|"DF"
"2016"|"Rupert Nongrum"|"Delhi Dynamos FC"|"21/08/1996"|"179"|"MF"
"2016"|"Sony Nordé"|"Mumbai City FC"|"27/07/1989"|"176"|"FW"
"2016"|"Gustavo Oberman"|"FC Pune City"|"25/03/1985"|"177"|"MF"
"2016"|"Dudu Omangbemi"|"Chennaiyin FC"|"18/07/1985"|"179"|"FW"
"2016"|"Rakesh Oram"|"Mumbai City FC"|"31/10/1997"|NA|"FW"
"2016"|"Shilton Pal"|"ATK"|"10/06/1988"|NA|"GK"
"2016"|"Subrata Pal"|"NorthEast United FC"|"24/12/1986"|"183"|"GK"
"2016"|"Rehenesh Paramba"|"NorthEast United FC"|"13/02/1993"|"178"|"GK"
"2016"|"Sumeet Passi"|"NorthEast United FC"|"18/04/1995"|"179"|"FW"
"2016"|"Sukhadev Patil"|"FC Goa"|"23/01/1998"|NA|"GK"
"2016"|"Stephen Pearson"|"ATK"|"02/10/1982"|"183"|"MF"
"2016"|"Maurizio Peluso"|"Chennaiyin FC"|"20/06/1985"|"172"|"FW"
"2016"|"Keegan Pereira"|"ATK"|"07/11/1987"|"180"|"DF"
"2016"|"Pitu"|"FC Pune City"|"24/11/1983"|"171"|"MF"
"2016"|"Sanju Pradhan"|"FC Pune City"|"15/08/1989"|"168"|"MF"
"2016"|"Rafael Coelho"|"FC Goa"|"20/05/1988"|"174"|"FW"
"2016"|"Rafael Dumas"|"FC Goa"|"13/03/1995"|"184"|"DF"
"2016"|"Mohammed Rafi"|"Kerala Blasters"|"24/05/1982"|"179"|"FW"
"2016"|"Mohammed Rafique"|"Kerala Blasters"|"20/09/1992"|"173"|"FW"
"2016"|"Uttam Rai"|"Chennaiyin FC"|"20/12/1996"|NA|"FW"
"2016"|"Vinit Rai"|"Kerala Blasters"|"11/10/1997"|"184"|"MF"
"2016"|"Jewel Raja"|"ATK"|"18/01/1990"|"172"|"FW"
"2016"|"Yumnam Raju"|"FC Pune City"|"03/07/1989"|"170"|"DF"
"2016"|"Lalhmangaihsanga Ralte"|"Mumbai City FC"|"06/07/1988"|"170"|"DF"
"2016"|"Lalrindika Ralte"|"ATK"|"07/09/1992"|"173"|"MF"
"2016"|"Zodingliana Ralte"|"FC Pune City"|"05/05/1995"|"175"|"MF"
"2016"|"Jayesh Rane"|"Chennaiyin FC"|"20/02/1993"|"175"|"FW"
"2016"|"Raphael Augusto"|"Chennaiyin FC"|"06/03/1991"|"181"|"MF"
"2016"|"Dharmaraj Ravanan"|"FC Pune City"|"29/07/1987"|"181"|"DF"
"2016"|"Reinaldo"|"FC Goa"|"14/03/1979"|"187"|"FW"
"2016"|"Richarlyson"|"FC Goa"|"27/12/1982"|"176"|"MF"
"2016"|"John Arne Riise"|"Chennaiyin FC"|"24/09/1980"|"185"|"DF"
"2016"|"Roberto Tigrão"|"Mumbai City FC"|"01/07/1979"|"193"|"GK"
"2016"|"Lenny Rodrigues"|"FC Pune City"|"10/05/1987"|"185"|"MF"
"2016"|"Romaric"|"NorthEast United FC"|"04/06/1983"|"187"|"MF"
"2016"|"Debabrata Roy"|"FC Goa"|"04/11/1986"|"173"|"DF"
"2016"|"Rubén"|"Delhi Dynamos FC"|"29/01/1982"|"187"|"DF"
"2016"|"Abhinas Ruidas"|"ATK"|"12/10/1994"|"173"|"MF"
"2016"|"Baljit Sahni"|"Chennaiyin FC"|"12/01/1987"|NA|"MF"
"2016"|"Gastón Sangoy"|"Mumbai City FC"|"05/10/1984"|"178"|"FW"
"2016"|"Kunal Sawant"|"Kerala Blasters"|"23/08/1986"|"188"|"GK"
"2016"|"Sereno"|"ATK"|"18/05/1985"|"188"|"DF"
"2016"|"Pratesh Shirodkar"|"FC Goa"|"19/02/1989"|"158"|"MF"
"2016"|"Amrinder Singh"|"Mumbai City FC"|"27/05/1993"|"186"|"GK"
"2016"|"Bidyananda Singh"|"ATK"|"27/11/1997"|NA|"MF"
"2016"|"Bikramjit Singh"|"ATK"|"15/10/1992"|"171"|"MF"
"2016"|"Dhanachandra Singh"|"Chennaiyin FC"|"04/03/1987"|NA|"DF"
"2016"|"Gouramangi Singh"|"FC Pune City"|"25/01/1985"|"186"|"DF"
"2016"|"Gurwinder Singh"|"Kerala Blasters"|"16/04/1986"|"183"|"DF"
"2016"|"Jackichand Singh"|"Mumbai City FC"|"17/03/1992"|"170"|"FW"
"2016"|"Karanjit Singh"|"Chennaiyin FC"|"08/01/1986"|"186"|"GK"
"2016"|"Konsham Singh"|"Delhi Dynamos FC"|"23/11/1996"|"186"|"DF"
"2016"|"Milan Singh"|"Delhi Dynamos FC"|"15/05/1992"|"174"|"MF"
"2016"|"Ramandeep Singh"|"Kerala Blasters"|"27/06/1991"|NA|"DF"
"2016"|"Reagan Singh"|"NorthEast United FC"|"01/04/1991"|"173"|"DF"
"2016"|"Robin Singh"|"FC Goa"|"09/05/1990"|"185"|"FW"
"2016"|"Salam Singh"|"NorthEast United FC"|"04/12/1995"|"188"|"DF"
"2016"|"Satiyasen Singh"|"NorthEast United FC"|"12/03/1992"|"178"|"FW"
"2016"|"Sehnaj Singh"|"Mumbai City FC"|"29/07/1993"|"179"|"MF"
"2016"|"Thangjam Singh"|"Mumbai City FC"|"01/03/1987"|NA|"MF"
"2016"|"Thoi Singh"|"Chennaiyin FC"|"05/10/1990"|"168"|"MF"
"2016"|"Udanta Singh"|"Mumbai City FC"|"14/06/1996"|"180"|"FW"
"2016"|"Mohamed Sissoko"|"FC Pune City"|"22/01/1985"|"191"|"MF"
"2016"|"Graham Stack"|"Kerala Blasters"|"26/09/1981"|"188"|"GK"
"2016"|"Davide Succi"|"Chennaiyin FC"|"11/10/1981"|"183"|"FW"
"2016"|"Tato"|"FC Pune City"|"12/07/1983"|"178"|"FW"
"2016"|"Sahil Tavora"|"FC Goa"|"19/10/1995"|"180"|"MF"
"2016"|"Tébar"|"Delhi Dynamos FC"|"07/02/1986"|"185"|"MF"
"2016"|"Anirudh Thapa"|"Chennaiyin FC"|"15/01/1998"|"169"|"MF"
"2016"|"Thiago Cunha"|"Mumbai City FC"|"25/04/1985"|"177"|"FW"
"2016"|"Tiri"|"ATK"|"14/07/1991"|"182"|"DF"
"2016"|"Toni Doblas"|"Delhi Dynamos FC"|"05/08/1980"|"184"|"GK"
"2016"|"Dramane Traoré"|"FC Pune City"|"17/06/1982"|"192"|"FW"
"2016"|"Arjun Tudu"|"Delhi Dynamos FC"|NA|NA|"FW"
"2016"|"Krisztián Vadócz"|"Mumbai City FC"|"03/05/1985"|"188"|"MF"
"2016"|"Nicolás Vélez"|"NorthEast United FC"|"04/07/1990"|"173"|"MF"
"2016"|"Gunashekar Vignesh"|"Delhi Dynamos FC"|"30/09/1988"|"172"|"MF"
"2016"|"C.K. Vineeth"|"Kerala Blasters"|"20/05/1988"|"178"|"FW"
"2016"|"Mehrjajuddin Wadoo"|"Chennaiyin FC"|"12/02/1984"|"186"|"MF"
"2016"|"Wellington"|"NorthEast United FC"|"21/04/1990"|"191"|"GK"
"2016"|"Wellington"|"NorthEast United FC"|"21/02/1990"|"190"|"DF"
"2016"|"Katsumi Yusa"|"NorthEast United FC"|"02/08/1988"|"168"|"MF"
"2016"|"Didier Zokora"|"NorthEast United FC"|"14/12/1980"|"179"|"MF"
"2016"|"Aníbal Zurdo"|"FC Pune City"|"03/12/1981"|"188"|"FW"
"2016 playoffs"|"David Addy"|"Delhi Dynamos FC"|"21/02/1990"|"183"|"DF"
"2016 playoffs"|"Ishfaq Ahmed"|"Kerala Blasters"|"17/03/1983"|NA|"MF"
"2016 playoffs"|"Anwar Ali"|"Mumbai City FC"|"24/09/1984"|"189"|"DF"
"2016 playoffs"|"Soram Anganba"|"Delhi Dynamos FC"|"24/12/1992"|"182"|"GK"
"2016 playoffs"|"Mohamed Ansari"|"Kerala Blasters"|NA|NA|"GK"
"2016 playoffs"|"Rino Anto"|"Kerala Blasters"|"03/01/1988"|"174"|"DF"
"2016 playoffs"|"Badara Badji"|"Delhi Dynamos FC"|"24/02/1994"|"192"|"FW"
"2016 playoffs"|"Juan Belencoso"|"ATK"|"01/09/1981"|"186"|"FW"
"2016 playoffs"|"Kervens Belfort"|"Kerala Blasters"|"16/05/1992"|"185"|"FW"
"2016 playoffs"|"Borja"|"ATK"|"14/01/1981"|"188"|"MF"
"2016 playoffs"|"Bruno Pelissari"|"Delhi Dynamos FC"|"03/01/1993"|"181"|"MF"
"2016 playoffs"|"Cafu"|"Mumbai City FC"|"22/01/1996"|"168"|"FW"
"2016 playoffs"|"Facundo Cardozo"|"Mumbai City FC"|"06/04/1995"|"182"|"DF"
"2016 playoffs"|"Souvik Chakraborty"|"Delhi Dynamos FC"|"12/07/1987"|"172"|"MF"
"2016 playoffs"|"Sunil Chhetri"|"Mumbai City FC"|"03/08/1984"|"172"|"FW"
"2016 playoffs"|"Michael Chopra"|"Kerala Blasters"|"23/12/1983"|"175"|"FW"
"2016 playoffs"|"Faroukh Choudhary"|"Kerala Blasters"|"24/06/1996"|NA|"FW"
"2016 playoffs"|"Pratik Chowdhary"|"Kerala Blasters"|"04/10/1989"|"188"|"DF"
"2016 playoffs"|"Dani Mallo"|"ATK"|"25/01/1979"|"185"|"GK"
"2016 playoffs"|"Prabir Das"|"ATK"|"20/12/1993"|"172"|"MF"
"2016 playoffs"|"Arnab Das Sharma"|"Mumbai City FC"|"11/12/1987"|"183"|"GK"
"2016 playoffs"|"Kingshuk Debnath"|"ATK"|"08/05/1985"|NA|"DF"
"2016 playoffs"|"Matías Defederico"|"Mumbai City FC"|"23/08/1989"|"168"|"FW"
"2016 playoffs"|"Denson Devadas"|"Delhi Dynamos FC"|"20/12/1982"|"178"|"MF"
"2016 playoffs"|"Amoes Do"|"Delhi Dynamos FC"|"04/09/1994"|NA|"MF"
"2016 playoffs"|"Sameehg Doutie"|"ATK"|"31/05/1989"|"172"|"MF"
"2016 playoffs"|"Anas Edathodika"|"Delhi Dynamos FC"|"15/02/1987"|"184"|"DF"
"2016 playoffs"|"Lalchhuanmawia Fanai"|"Mumbai City FC"|"14/04/1989"|"182"|"DF"
"2016 playoffs"|"Diego Forlán"|"Mumbai City FC"|"19/05/1979"|"179"|"FW"
"2016 playoffs"|"Richard Gadze"|"Delhi Dynamos FC"|"23/08/1993"|"176"|"FW"
"2016 playoffs"|"Gallardo"|"ATK"|"19/02/1986"|"184"|"DF"
"2016 playoffs"|"Alwyn George"|"Delhi Dynamos FC"|"03/01/1992"|"173"|"MF"
"2016 playoffs"|"Antonio German"|"Kerala Blasters"|"26/12/1991"|"178"|"FW"
"2016 playoffs"|"Gérson"|"Mumbai City FC"|"04/10/1992"|"179"|"DF"
"2016 playoffs"|"Sanjiban Ghosh"|"Delhi Dynamos FC"|"06/07/1991"|"183"|"GK"
"2016 playoffs"|"Lucian Goian"|"Mumbai City FC"|"10/02/1983"|"185"|"DF"
"2016 playoffs"|"Albino Gomes"|"Mumbai City FC"|"07/02/1994"|NA|"GK"
"2016 playoffs"|"Pronay Halder"|"Mumbai City FC"|"25/02/1993"|"174"|"MF"
"2016 playoffs"|"Boithang Haokip"|"Mumbai City FC"|"09/03/1991"|"178"|"MF"
"2016 playoffs"|"Semboi Haokip"|"Kerala Blasters"|"13/03/1993"|"183"|"FW"
"2016 playoffs"|"Hélder Postiga"|"ATK"|"02/08/1982"|"182"|"FW"
"2016 playoffs"|"Cédric Hengbart"|"Kerala Blasters"|"13/07/1980"|"183"|"DF"
"2016 playoffs"|"Mehtab Hossain"|"Kerala Blasters"|"13/10/1981"|"171"|"MF"
"2016 playoffs"|"Aaron Hughes"|"Kerala Blasters"|"08/11/1979"|"183"|"DF"
"2016 playoffs"|"Iain Hume"|"ATK"|"30/10/1983"|"170"|"FW"
"2016 playoffs"|"Bikash Jairu"|"ATK"|"10/11/1990"|NA|"MF"
"2016 playoffs"|"Javi Lara"|"ATK"|"04/12/1985"|"179"|"MF"
"2016 playoffs"|"Sandesh Jhingan"|"Kerala Blasters"|"21/07/1993"|"188"|"DF"
"2016 playoffs"|"Josu"|"Kerala Blasters"|"27/02/1993"|"176"|"DF"
"2016 playoffs"|"Didier Kadio"|"Kerala Blasters"|"05/04/1990"|"178"|"DF"
"2016 playoffs"|"Prasanth Karuthadathkuni"|"Kerala Blasters"|"24/06/1997"|NA|"FW"
"2016 playoffs"|"Aibor Khongjee"|"Mumbai City FC"|"09/12/1987"|"180"|"DF"
"2016 playoffs"|"Pritam Kotal"|"ATK"|"08/09/1993"|"176"|"DF"
"2016 playoffs"|"Lalchawnkima"|"Delhi Dynamos FC"|"31/05/1991"|"180"|"DF"
"2016 playoffs"|"David Lalrinmuana"|"Mumbai City FC"|"09/11/1992"|NA|"MF"
"2016 playoffs"|"Lalruatthara"|"Delhi Dynamos FC"|"17/01/1995"|"180"|"DF"
"2016 playoffs"|"Robert Lalthlamuana"|"ATK"|"04/09/1988"|"171"|"DF"
"2016 playoffs"|"Léo Costa"|"Mumbai City FC"|"03/03/1986"|"181"|"MF"
"2016 playoffs"|"Kean Lewis"|"Delhi Dynamos FC"|"19/09/1992"|"170"|"MF"
"2016 playoffs"|"Munmun Lugun"|"Mumbai City FC"|"05/05/1993"|"176"|"DF"
"2016 playoffs"|"Azrack Mahamat"|"Kerala Blasters"|"24/03/1988"|"181"|"MF"
"2016 playoffs"|"Debjit Majumder"|"ATK"|"06/03/1988"|"175"|"GK"
"2016 playoffs"|"Florent Malouda"|"Delhi Dynamos FC"|"13/06/1980"|"181"|"MF"
"2016 playoffs"|"Sawmtea Malsawmzuala"|"Delhi Dynamos FC"|"12/09/1997"|"179"|"MF"
"2016 playoffs"|"Marcelinho"|"Delhi Dynamos FC"|"22/06/1987"|"172"|"MF"
"2016 playoffs"|"Ashutosh Mehta"|"Mumbai City FC"|"21/02/1991"|"176"|"MF"
"2016 playoffs"|"Memo"|"Delhi Dynamos FC"|"14/02/1988"|"179"|"MF"
"2016 playoffs"|"Arnab Mondal"|"ATK"|"25/09/1989"|"179"|"DF"
"2016 playoffs"|"Ouzin N'Doye"|"Kerala Blasters"|"10/04/1992"|"189"|"DF"
"2016 playoffs"|"Samir Nabi"|"Delhi Dynamos FC"|"16/12/1997"|"182"|"MF"
"2016 playoffs"|"Sandip Nandy"|"Kerala Blasters"|"15/01/1975"|"177"|"GK"
"2016 playoffs"|"Ofentse Nato"|"ATK"|"01/10/1989"|"183"|"MF"
"2016 playoffs"|"Duckens Nazon"|"Kerala Blasters"|"07/04/1994"|"181"|"FW"
"2016 playoffs"|"Ibrahima Niasse"|"Delhi Dynamos FC"|"18/04/1988"|"188"|"DF"
"2016 playoffs"|"Rupert Nongrum"|"Delhi Dynamos FC"|"21/08/1996"|"179"|"MF"
"2016 playoffs"|"Sony Nordé"|"Mumbai City FC"|"27/07/1989"|"176"|"FW"
"2016 playoffs"|"Rakesh Oram"|"Mumbai City FC"|"31/10/1997"|NA|"FW"
"2016 playoffs"|"Shilton Pal"|"ATK"|"10/06/1988"|NA|"GK"
"2016 playoffs"|"Stephen Pearson"|"ATK"|"02/10/1982"|"183"|"MF"
"2016 playoffs"|"Keegan Pereira"|"ATK"|"07/11/1987"|"180"|"DF"
"2016 playoffs"|"Mohammed Rafi"|"Kerala Blasters"|"24/05/1982"|"179"|"FW"
"2016 playoffs"|"Mohammed Rafique"|"Kerala Blasters"|"20/09/1992"|"173"|"FW"
"2016 playoffs"|"Vinit Rai"|"Kerala Blasters"|"11/10/1997"|"184"|"MF"
"2016 playoffs"|"Jewel Raja"|"ATK"|"18/01/1990"|"172"|"FW"
"2016 playoffs"|"Lalhmangaihsanga Ralte"|"Mumbai City FC"|"06/07/1988"|"170"|"DF"
"2016 playoffs"|"Lalrindika Ralte"|"ATK"|"07/09/1992"|"173"|"MF"
"2016 playoffs"|"Roberto Tigrão"|"Mumbai City FC"|"01/07/1979"|"193"|"GK"
"2016 playoffs"|"Rubén"|"Delhi Dynamos FC"|"29/01/1982"|"187"|"DF"
"2016 playoffs"|"Abhinas Ruidas"|"ATK"|"12/10/1994"|"173"|"MF"
"2016 playoffs"|"Gastón Sangoy"|"Mumbai City FC"|"05/10/1984"|"178"|"FW"
"2016 playoffs"|"Kunal Sawant"|"Kerala Blasters"|"23/08/1986"|"188"|"GK"
"2016 playoffs"|"Sereno"|"ATK"|"18/05/1985"|"188"|"DF"
"2016 playoffs"|"Amrinder Singh"|"Mumbai City FC"|"27/05/1993"|"186"|"GK"
"2016 playoffs"|"Bidyananda Singh"|"ATK"|"27/11/1997"|NA|"MF"
"2016 playoffs"|"Bikramjit Singh"|"ATK"|"15/10/1992"|"171"|"MF"
"2016 playoffs"|"Gurwinder Singh"|"Kerala Blasters"|"16/04/1986"|"183"|"DF"
"2016 playoffs"|"Jackichand Singh"|"Mumbai City FC"|"17/03/1992"|"170"|"FW"
"2016 playoffs"|"Konsham Singh"|"Delhi Dynamos FC"|"23/11/1996"|"186"|"DF"
"2016 playoffs"|"Milan Singh"|"Delhi Dynamos FC"|"15/05/1992"|"174"|"MF"
"2016 playoffs"|"Ramandeep Singh"|"Kerala Blasters"|"27/06/1991"|NA|"DF"
"2016 playoffs"|"Sehnaj Singh"|"Mumbai City FC"|"29/07/1993"|"179"|"MF"
"2016 playoffs"|"Thangjam Singh"|"Mumbai City FC"|"01/03/1987"|NA|"MF"
"2016 playoffs"|"Udanta Singh"|"Mumbai City FC"|"14/06/1996"|"180"|"FW"
"2016 playoffs"|"Graham Stack"|"Kerala Blasters"|"26/09/1981"|"188"|"GK"
"2016 playoffs"|"Tébar"|"Delhi Dynamos FC"|"07/02/1986"|"185"|"MF"
"2016 playoffs"|"Thiago Cunha"|"Mumbai City FC"|"25/04/1985"|"177"|"FW"
"2016 playoffs"|"Tiri"|"ATK"|"14/07/1991"|"182"|"DF"
"2016 playoffs"|"Toni Doblas"|"Delhi Dynamos FC"|"05/08/1980"|"184"|"GK"
"2016 playoffs"|"Arjun Tudu"|"Delhi Dynamos FC"|NA|NA|"FW"
"2016 playoffs"|"Krisztián Vadócz"|"Mumbai City FC"|"03/05/1985"|"188"|"MF"
"2016 playoffs"|"Gunashekar Vignesh"|"Delhi Dynamos FC"|"30/09/1988"|"172"|"MF"
"2016 playoffs"|"C.K. Vineeth"|"Kerala Blasters"|"20/05/1988"|"178"|"FW"
"2017/2018"|"Calvin Abhishek"|"Bengaluru FC"|"13/05/1994"|NA|"GK"
"2017/2018"|"Collin Abranches"|"Bengaluru FC"|"12/12/1991"|"170"|"DF"
"2017/2018"|"Asheer Akhtar"|"Bengaluru FC"|"14/12/1994"|NA|"DF"
"2017/2018"|"Emiliano Alfaro"|"FC Pune City"|"28/04/1988"|"172"|"FW"
"2017/2018"|"Anwar Ali"|"ATK"|"24/09/1984"|"189"|"DF"
"2017/2018"|"Mohamed Ali"|"FC Goa"|"21/08/1992"|"178"|"DF"
"2017/2018"|"Rafique Ali Sardar"|"Jamshedpur FC"|"16/04/1998"|NA|"GK"
"2017/2018"|"Keenan Almeida"|"Chennaiyin FC"|"10/10/1991"|NA|"DF"
"2017/2018"|"Karan Amin"|"Jamshedpur FC"|"21/06/1989"|NA|"DF"
"2017/2018"|"Soram Anganba"|"ATK"|"24/12/1992"|"182"|"GK"
"2017/2018"|"Rino Anto"|"Kerala Blasters"|"03/01/1988"|"174"|"DF"
"2017/2018"|"Arana"|"Delhi Dynamos FC"|"03/12/1984"|"175"|"MF"
"2017/2018"|"Muhammed Ashique Kuruniyan"|"FC Pune City"|"14/06/1997"|NA|"FW"
"2017/2018"|"Izu Azuka"|"Jamshedpur FC"|"24/05/1989"|"183"|"FW"
"2017/2018"|"Carl Baker"|"ATK"|"26/12/1982"|"188"|"MF"
"2017/2018"|"Guðjón Baldvinsson"|"Kerala Blasters"|"15/02/1986"|"184"|"FW"
"2017/2018"|"Sanjay Balmuchu"|"Chennaiyin FC"|"05/01/1992"|NA|"MF"
"2017/2018"|"Kervens Belfort"|"Jamshedpur FC"|"16/05/1992"|"185"|"FW"
"2017/2018"|"Dimitar Berbatov"|"Kerala Blasters"|"30/01/1981"|"188"|"FW"
"2017/2018"|"Arindam Bhattacharya"|"Mumbai City FC"|"11/12/1989"|"188"|"GK"
"2017/2018"|"Rahul Bheke"|"Bengaluru FC"|"06/12/1990"|"179"|"DF"
"2017/2018"|"Pranjal Bhumij"|"Mumbai City FC"|"02/03/1999"|"166"|"FW"
"2017/2018"|"Kunzang Bhutia"|"ATK"|"03/01/1994"|"186"|"GK"
"2017/2018"|"André Bikey"|"Jamshedpur FC"|"08/01/1985"|"182"|"DF"
"2017/2018"|"Ashim Biswas"|"Jamshedpur FC"|"14/07/1982"|"170"|"FW"
"2017/2018"|"Boaringdao Bodo"|"Chennaiyin FC"|"17/10/1999"|"172"|"FW"
"2017/2018"|"Rowllin Borges"|"NorthEast United FC"|"05/06/1992"|"183"|"MF"
"2017/2018"|"Subashish Bose"|"Bengaluru FC"|"18/08/1995"|"186"|"DF"
"2017/2018"|"Hugo Boumous"|"FC Goa"|"24/07/1995"|"172"|"MF"
"2017/2018"|"Braulio"|"Bengaluru FC"|"18/09/1985"|"177"|"FW"
"2017/2018"|"Wes Brown"|"Kerala Blasters"|"13/10/1979"|"185"|"DF"
"2017/2018"|"Bruno Pinheiro"|"FC Goa"|"21/08/1987"|"185"|"DF"
"2017/2018"|"Darren Caldeira"|"ATK"|"19/09/1987"|"178"|"MF"
"2017/2018"|"Calderón"|"Chennaiyin FC"|"04/01/1982"|"180"|"DF"
"2017/2018"|"Fulganco Cardozo"|"Chennaiyin FC"|"23/01/1988"|NA|"DF"
"2017/2018"|"Souvik Chakraborty"|"Jamshedpur FC"|"12/07/1987"|"172"|"MF"
"2017/2018"|"Nirmal Chettri"|"NorthEast United FC"|"21/10/1990"|"175"|"DF"
"2017/2018"|"Lallianzuala Chhangte"|"Delhi Dynamos FC"|"06/08/1997"|"167"|"FW"
"2017/2018"|"Sunil Chhetri"|"Bengaluru FC"|"03/08/1984"|"172"|"FW"
"2017/2018"|"Faroukh Choudhary"|"Jamshedpur FC"|"24/06/1996"|NA|"FW"
"2017/2018"|"Pratik Chowdhary"|"Delhi Dynamos FC"|"04/10/1989"|"188"|"DF"
"2017/2018"|"Subhashish Chowdhury"|"Kerala Blasters"|"27/09/1986"|"186"|"GK"
"2017/2018"|"Gabriel Cichero"|"Delhi Dynamos FC"|"25/04/1984"|"186"|"DF"
"2017/2018"|"Bruno Colaço"|"FC Goa"|"11/10/1991"|NA|"GK"
"2017/2018"|"Liston Colaco"|"FC Goa"|"12/11/1998"|NA|"FW"
"2017/2018"|"Colunga"|"FC Goa"|"17/11/1984"|"171"|"FW"
"2017/2018"|"Coro"|"FC Goa"|"05/01/1983"|"171"|"FW"
"2017/2018"|"David Cotterill"|"ATK"|"04/12/1987"|"175"|"MF"
"2017/2018"|"Anthony D'Souza"|"FC Goa"|"02/03/1987"|"165"|"MF"
"2017/2018"|"Daniel Segovia"|"Bengaluru FC"|"23/05/1985"|"190"|"FW"
"2017/2018"|"Danilo Cezario"|"NorthEast United FC"|"25/04/1991"|"186"|"FW"
"2017/2018"|"Narayan Das"|"FC Goa"|"25/09/1993"|"178"|"DF"
"2017/2018"|"Prabir Das"|"ATK"|"20/12/1993"|"172"|"DF"
"2017/2018"|"Arnab Das Sharma"|"Delhi Dynamos FC"|"11/12/1987"|"183"|"GK"
"2017/2018"|"Mandar Dessai"|"FC Goa"|"18/03/1992"|"171"|"MF"
"2017/2018"|"Mohd Sajid Dhot"|"Delhi Dynamos FC"|"10/12/1997"|"182"|"DF"
"2017/2018"|"Martín Díaz"|"NorthEast United FC"|"17/03/1988"|"187"|"DF"
"2017/2018"|"Diego"|"FC Pune City"|"15/05/1988"|"174"|"FW"
"2017/2018"|"Dimas Delgado"|"Bengaluru FC"|"06/02/1983"|"182"|"MF"
"2017/2018"|"Seiminlen Doungel"|"NorthEast United FC"|"03/01/1994"|"172"|"FW"
"2017/2018"|"Sameehg Doutie"|"Jamshedpur FC"|"31/05/1989"|"172"|"MF"
"2017/2018"|"Anas Edathodika"|"Jamshedpur FC"|"15/02/1987"|"184"|"DF"
"2017/2018"|"Edu Bedia"|"FC Goa"|"23/03/1989"|"184"|"MF"
"2017/2018"|"Edu Moya"|"Delhi Dynamos FC"|"03/01/1981"|"175"|"DF"
"2017/2018"|"Achille Emaná"|"Mumbai City FC"|"05/06/1982"|"180"|"MF"
"2017/2018"|"Éverton Santos"|"Mumbai City FC"|"14/10/1986"|"176"|"FW"
"2017/2018"|"Lalchhuanmawia Fanai"|"FC Pune City"|"14/04/1989"|"182"|"DF"
"2017/2018"|"Augustin Fernandes"|"ATK"|"13/10/1987"|"178"|"DF"
"2017/2018"|"Brandon Fernandes"|"FC Goa"|"20/09/1994"|"171"|"MF"
"2017/2018"|"Francis Fernandes"|"Chennaiyin FC"|"25/11/1985"|"167"|"MF"
"2017/2018"|"Romeo Fernandes"|"Delhi Dynamos FC"|"06/07/1992"|"168"|"FW"
"2017/2018"|"Seriton Fernandes"|"FC Goa"|"26/10/1992"|NA|"DF"
"2017/2018"|"Guyon Fernandez"|"Delhi Dynamos FC"|"18/04/1986"|"184"|"FW"
"2017/2018"|"Raju Gaikwad"|"Mumbai City FC"|"25/09/1990"|"180"|"DF"
"2017/2018"|"Dhanpal Ganesh"|"Chennaiyin FC"|"13/06/1994"|"185"|"MF"
"2017/2018"|"Gavilán"|"Chennaiyin FC"|"12/05/1985"|"178"|"MF"
"2017/2018"|"Alwyn George"|"Bengaluru FC"|"03/01/1992"|"173"|"MF"
"2017/2018"|"Gérson"|"Mumbai City FC"|"04/10/1992"|"179"|"DF"
"2017/2018"|"Sanjiban Ghosh"|"Jamshedpur FC"|"06/07/1991"|"183"|"GK"
"2017/2018"|"Shouvik Ghosh"|"Jamshedpur FC"|"05/11/1992"|"181"|"DF"
"2017/2018"|"Gursimrat Gill"|"NorthEast United FC"|"11/02/1997"|NA|"DF"
"2017/2018"|"Lucian Goian"|"Mumbai City FC"|"10/02/1983"|"185"|"DF"
"2017/2018"|"Sarthak Golui"|"FC Pune City"|"03/11/1997"|"187"|"DF"
"2017/2018"|"Albino Gomes"|"Delhi Dynamos FC"|"07/02/1994"|NA|"GK"
"2017/2018"|"Robin Gurung"|"Jamshedpur FC"|"26/10/1992"|"172"|"DF"
"2017/2018"|"Abdul Hakku"|"NorthEast United FC"|"10/06/1994"|"184"|"DF"
"2017/2018"|"Pronay Halder"|"FC Goa"|"25/02/1993"|"174"|"MF"
"2017/2018"|"Siam Hanghal"|"Kerala Blasters"|"26/05/1993"|"182"|"MF"
"2017/2018"|"Boithang Haokip"|"Bengaluru FC"|"09/03/1991"|"178"|"MF"
"2017/2018"|"Semboi Haokip"|"Bengaluru FC"|"13/03/1993"|"183"|"FW"
"2017/2018"|"Hélio Pinto"|"NorthEast United FC"|"29/02/1984"|"184"|"MF"
"2017/2018"|"Mehtab Hossain"|"Jamshedpur FC"|"13/10/1981"|"171"|"MF"
"2017/2018"|"Iain Hume"|"Kerala Blasters"|"30/10/1983"|"170"|"FW"
"2017/2018"|"Irureta"|"Delhi Dynamos FC"|"21/03/1986"|"180"|"GK"
"2017/2018"|"Arata Izumi"|"Kerala Blasters"|"31/07/1982"|"175"|"MF"
"2017/2018"|"Jussi Jääskeläinen"|"ATK"|"19/04/1975"|"191"|"GK"
"2017/2018"|"Ahmed Jahouh"|"FC Goa"|"31/07/1988"|NA|"MF"
"2017/2018"|"Bikash Jairu"|"Jamshedpur FC"|"10/11/1990"|NA|"DF"
"2017/2018"|"Sandesh Jhingan"|"Kerala Blasters"|"21/07/1993"|"188"|"DF"
"2017/2018"|"John Johnson"|"Bengaluru FC"|"16/09/1988"|"182"|"DF"
"2017/2018"|"Jonatan Lucca"|"FC Pune City"|"02/06/1994"|"187"|"MF"
"2017/2018"|"Jonathan Cardozo"|"FC Goa"|NA|NA|"DF"
"2017/2018"|"Jordi Figueras"|"ATK"|"16/05/1987"|"185"|"DF"
"2017/2018"|"José Gonçalves"|"NorthEast United FC"|"17/09/1985"|"190"|"DF"
"2017/2018"|"Juanan"|"Bengaluru FC"|"27/04/1987"|"192"|"DF"
"2017/2018"|"Vishal Kaith"|"FC Pune City"|"22/07/1996"|"188"|"GK"
"2017/2018"|"Prasanth Karuthadathkuni"|"Kerala Blasters"|"24/06/1997"|NA|"MF"
"2017/2018"|"Laxmikant Kattimani"|"FC Goa"|"03/05/1989"|"183"|"GK"
"2017/2018"|"Robbie Keane"|"ATK"|"08/07/1980"|"176"|"FW"
"2017/2018"|"Harmanjot Khabra"|"Bengaluru FC"|"18/12/1988"|"181"|"MF"
"2017/2018"|"Adil Khan"|"FC Pune City"|"07/07/1988"|"177"|"MF"
"2017/2018"|"Aibor Khongjee"|"Mumbai City FC"|"09/12/1987"|"180"|"DF"
"2017/2018"|"Sairuat Kima"|"Jamshedpur FC"|"07/11/1997"|"190"|"DF"
"2017/2018"|"Keziron Kizito"|"Kerala Blasters"|"17/01/1997"|"172"|"MF"
"2017/2018"|"Pritam Kotal"|"Delhi Dynamos FC"|"08/09/1993"|"176"|"DF"
"2017/2018"|"Anuj Kumar"|"FC Pune City"|"24/07/1998"|NA|"GK"
"2017/2018"|"Nanda Kumar"|"Delhi Dynamos FC"|"20/12/1995"|NA|"MF"
"2017/2018"|"Naveen Kumar"|"FC Goa"|"09/01/1989"|NA|"GK"
"2017/2018"|"Pawan Kumar"|"Chennaiyin FC"|"01/07/1990"|"182"|"GK"
"2017/2018"|"Ravi Kumar"|"NorthEast United FC"|"04/07/1993"|"180"|"GK"
"2017/2018"|"Rohit Kumar"|"FC Pune City"|"01/01/1997"|"185"|"MF"
"2017/2018"|"Nishu Kumar Tashni"|"Bengaluru FC"|"05/11/1997"|"178"|"DF"
"2017/2018"|"Njazi Kuqi"|"ATK"|"25/03/1983"|"193"|"FW"
"2017/2018"|"Nemanja Lakic-Pešic"|"Kerala Blasters"|"14/01/1991"|"192"|"DF"
"2017/2018"|"Daniel Lalhlimpuia"|"Bengaluru FC"|"12/09/1997"|"184"|"FW"
"2017/2018"|"Jeje Lalpekhlua"|"Chennaiyin FC"|"07/01/1991"|"173"|"FW"
"2017/2018"|"Fanai Lalrempuia"|"NorthEast United FC"|"11/05/1996"|"173"|"MF"
"2017/2018"|"Jerry Lalrinzuala"|"Chennaiyin FC"|"13/07/1998"|"174"|"DF"
"2017/2018"|"Lalruatthara"|"Kerala Blasters"|"17/01/1995"|"180"|"DF"
"2017/2018"|"Lalthakima Lalthakima"|"Kerala Blasters"|"09/04/1997"|NA|"DF"
"2017/2018"|"Robert Lalthlamuana"|"NorthEast United FC"|"04/09/1988"|"171"|"DF"
"2017/2018"|"Lanzarote"|"FC Goa"|"20/01/1984"|"178"|"MF"
"2017/2018"|"Léo Costa"|"Mumbai City FC"|"03/03/1986"|"181"|"MF"
"2017/2018"|"Kean Lewis"|"FC Pune City"|"19/09/1992"|"170"|"FW"
"2017/2018"|"Lolo"|"FC Pune City"|"22/08/1984"|"182"|"DF"
"2017/2018"|"Joyner Lourenco"|"Bengaluru FC"|"08/09/1991"|NA|"DF"
"2017/2018"|"Munmun Lugun"|"Delhi Dynamos FC"|"05/05/1993"|"176"|"DF"
"2017/2018"|"Jeroen Lumu"|"Delhi Dynamos FC"|"27/05/1995"|"178"|"MF"
"2017/2018"|"Eugeneson Lyngdoh"|"ATK"|"10/09/1986"|"175"|"MF"
"2017/2018"|"Mailson"|"Chennaiyin FC"|"05/02/1988"|"183"|"DF"
"2017/2018"|"Debjit Majumder"|"ATK"|"06/03/1988"|"175"|"GK"
"2017/2018"|"Sawmtea Malsawmzuala"|"Bengaluru FC"|"12/09/1997"|"179"|"MF"
"2017/2018"|"Marcelinho"|"FC Pune City"|"22/06/1987"|"172"|"FW"
"2017/2018"|"Marcinho"|"NorthEast United FC"|"14/05/1986"|"182"|"MF"
"2017/2018"|"Márcio Rosário"|"Mumbai City FC"|"21/11/1983"|"187"|"DF"
"2017/2018"|"Matheus Trindade"|"Jamshedpur FC"|"05/03/1996"|"175"|"MF"
"2017/2018"|"Jerry Mawihmingthanga"|"Jamshedpur FC"|"09/03/1997"|NA|"FW"
"2017/2018"|"Sibongakonke Mbatha"|"ATK"|"01/01/1998"|"155"|"MF"
"2017/2018"|"Ashutosh Mehta"|"ATK"|"21/02/1991"|"176"|"DF"
"2017/2018"|"Loken Meitei"|"Kerala Blasters"|"04/05/1997"|"170"|"FW"
"2017/2018"|"Malemnganba Meitei"|"NorthEast United FC"|"05/02/1992"|NA|"MF"
"2017/2018"|"Sushil Meitei Ahongshangbam"|"NorthEast United FC"|"08/02/1997"|NA|"MF"
"2017/2018"|"Shahinlal Meloly"|"Chennaiyin FC"|"15/02/1990"|NA|"GK"
"2017/2018"|"Memo"|"Jamshedpur FC"|"14/02/1988"|"179"|"MF"
"2017/2018"|"Rene Mihelic"|"Chennaiyin FC"|"05/07/1988"|"175"|"MF"
"2017/2018"|"Miku"|"Bengaluru FC"|"19/08/1985"|"186"|"FW"
"2017/2018"|"Matias Mirabaje"|"Delhi Dynamos FC"|"06/03/1989"|"185"|"MF"
"2017/2018"|"Nallappan Mohanraj"|"ATK"|"23/02/1989"|NA|"DF"
"2017/2018"|"Jayananda Moirangthem"|"Delhi Dynamos FC"|"01/03/1999"|"180"|"DF"
"2017/2018"|"Abhra Mondal"|"Bengaluru FC"|"03/10/1986"|"178"|"GK"
"2017/2018"|"John Mosquera"|"NorthEast United FC"|"15/01/1988"|"192"|"FW"
"2017/2018"|"Zakeer Mundampara"|"Mumbai City FC"|"20/05/1990"|NA|"MF"
"2017/2018"|"Talla N'Diaye"|"Jamshedpur FC"|"05/12/1985"|"178"|"FW"
"2017/2018"|"Sandip Nandy"|"Kerala Blasters"|"15/01/1975"|"177"|"GK"
"2017/2018"|"Holicharan Narzary"|"NorthEast United FC"|"10/05/1994"|"174"|"MF"
"2017/2018"|"Mohammad Nawaz"|"FC Goa"|"21/01/2000"|NA|"GK"
"2017/2018"|"Deependra Singh Negi"|"Kerala Blasters"|"20/11/1998"|"172"|"MF"
"2017/2018"|"Gregory Nelson"|"Chennaiyin FC"|"31/01/1988"|"176"|"MF"
"2017/2018"|"David Ngaihte"|"Delhi Dynamos FC"|"16/12/1989"|"170"|"FW"
"2017/2018"|"Gani Nigam"|"FC Pune City"|NA|NA|"DF"
"2017/2018"|"Rupert Nongrum"|"ATK"|"21/08/1996"|"179"|"MF"
"2017/2018"|"Jude Nworuh"|"Chennaiyin FC"|"09/06/1989"|"170"|"FW"
"2017/2018"|"Odaïr Fortes"|"NorthEast United FC"|"31/03/1987"|"182"|"MF"
"2017/2018"|"Rakesh Oram"|"Mumbai City FC"|"31/10/1997"|NA|"MF"
"2017/2018"|"Erik Paartalu"|"Bengaluru FC"|"03/05/1986"|"193"|"MF"
"2017/2018"|"Subrata Pal"|"Jamshedpur FC"|"24/12/1986"|"183"|"GK"
"2017/2018"|"Sahil Panwar"|"FC Pune City"|"15/12/1999"|NA|"DF"
"2017/2018"|"Rehenesh Paramba"|"NorthEast United FC"|"13/02/1993"|"178"|"GK"
"2017/2018"|"Sumeet Passi"|"Jamshedpur FC"|"18/04/1995"|"179"|"FW"
"2017/2018"|"Martin Paterson"|"ATK"|"10/05/1987"|"178"|"FW"
"2017/2018"|"Sukhadev Patil"|"Delhi Dynamos FC"|"23/01/1998"|NA|"GK"
"2017/2018"|"Paulinho Dias"|"Delhi Dynamos FC"|"13/05/1988"|"174"|"MF"
"2017/2018"|"Courage Pekuson"|"Kerala Blasters"|"02/01/1995"|"177"|"FW"
"2017/2018"|"Keegan Pereira"|"ATK"|"07/11/1987"|"180"|"DF"
"2017/2018"|"Sanju Pradhan"|"Mumbai City FC"|"15/08/1989"|"168"|"MF"
"2017/2018"|"Pulga"|"Kerala Blasters"|"06/11/1985"|"179"|"MF"
"2017/2018"|"Paul Rachubka"|"Kerala Blasters"|"21/05/1981"|"186"|"GK"
"2017/2018"|"Rafa"|"FC Pune City"|"09/04/1985"|"183"|"DF"
"2017/2018"|"Rafa Jordà"|"Mumbai City FC"|"01/01/1984"|"192"|"FW"
"2017/2018"|"Mohammed Rafi"|"Chennaiyin FC"|"24/05/1982"|"179"|"FW"
"2017/2018"|"Vinit Rai"|"Delhi Dynamos FC"|"11/10/1997"|"184"|"MF"
"2017/2018"|"Jewel Raja"|"FC Pune City"|"18/01/1990"|"172"|"MF"
"2017/2018"|"Yumnam Raju"|"Jamshedpur FC"|"03/07/1989"|"170"|"DF"
"2017/2018"|"Mohammad Rakip"|"Kerala Blasters"|"14/05/2000"|NA|"DF"
"2017/2018"|"Lalhmangaihsanga Ralte"|"Delhi Dynamos FC"|"06/07/1988"|"170"|"DF"
"2017/2018"|"Lalrindika Ralte"|"NorthEast United FC"|"07/09/1992"|"173"|"MF"
"2017/2018"|"Lalthummawaia Ralte"|"Bengaluru FC"|"28/11/1992"|"177"|"GK"
"2017/2018"|"Zohmingliana Ralte"|"Bengaluru FC"|"02/10/1987"|"178"|"DF"
"2017/2018"|"Amey Ranawade"|"FC Goa"|"07/03/1998"|"167"|"DF"
"2017/2018"|"Jayesh Rane"|"ATK"|"20/02/1993"|"175"|"FW"
"2017/2018"|"Raphael Augusto"|"Chennaiyin FC"|"06/03/1991"|"181"|"MF"
"2017/2018"|"Lenny Rodrigues"|"Bengaluru FC"|"10/05/1987"|"185"|"MF"
"2017/2018"|"Rowilson Rodrigues"|"Delhi Dynamos FC"|"26/03/1987"|"181"|"DF"
"2017/2018"|"Abhinas Ruidas"|"Mumbai City FC"|"12/10/1994"|"173"|"MF"
"2017/2018"|"Biswajit Saha"|"Mumbai City FC"|"15/12/1987"|NA|"DF"
"2017/2018"|"Baljit Sahni"|"FC Pune City"|"12/01/1987"|NA|"FW"
"2017/2018"|"Sahal Samad"|"Kerala Blasters"|"01/04/1997"|NA|"MF"
"2017/2018"|"Sambinha"|"NorthEast United FC"|"23/09/1992"|"185"|"DF"
"2017/2018"|"Shankar Sampingiraj"|"ATK"|"14/12/1994"|"184"|"MF"
"2017/2018"|"Shubham Sarangi"|"Delhi Dynamos FC"|"24/06/2000"|"179"|"FW"
"2017/2018"|"Kunal Sawant"|"Mumbai City FC"|"23/08/1986"|"188"|"GK"
"2017/2018"|"Karan Sawhney"|"Kerala Blasters"|"23/03/1992"|"184"|"FW"
"2017/2018"|"Maic Sema"|"NorthEast United FC"|"02/12/1988"|"173"|"MF"
"2017/2018"|"Sereno"|"Chennaiyin FC"|"18/05/1985"|"188"|"DF"
"2017/2018"|"Sergio Juste"|"FC Goa"|"12/01/1992"|"181"|"DF"
"2017/2018"|"Samuel Shadap"|"Kerala Blasters"|"26/11/1992"|"178"|"DF"
"2017/2018"|"Hitesh Sharma"|"ATK"|"25/12/1997"|NA|"MF"
"2017/2018"|"Pratesh Shirodkar"|"FC Goa"|"19/02/1989"|"158"|"MF"
"2017/2018"|"Mark Sifneos"|"FC Goa"|"01/01/1996"|"191"|"FW"
"2017/2018"|"Ajay Singh"|"FC Pune City"|"28/03/1989"|NA|"FW"
"2017/2018"|"Amrinder Singh"|"Mumbai City FC"|"27/05/1993"|"186"|"GK"
"2017/2018"|"Balwant Singh"|"Mumbai City FC"|"15/12/1986"|"180"|"FW"
"2017/2018"|"Bidyananda Singh"|"Bengaluru FC"|"27/11/1997"|NA|"MF"
"2017/2018"|"Bikramjit Singh"|"Chennaiyin FC"|"15/10/1992"|"171"|"MF"
"2017/2018"|"Bipin Singh"|"ATK"|"10/03/1995"|"176"|"MF"
"2017/2018"|"Davinder Singh"|"Mumbai City FC"|"23/09/1995"|NA|"DF"
"2017/2018"|"Dhanachandra Singh"|"Chennaiyin FC"|"04/03/1987"|NA|"DF"
"2017/2018"|"Germanpreet Singh"|"Chennaiyin FC"|"24/06/1996"|"175"|"MF"
"2017/2018"|"Gurpreet Singh"|"NorthEast United FC"|"15/07/1995"|NA|"GK"
"2017/2018"|"Gurtej Singh"|"FC Pune City"|"02/05/1990"|"181"|"DF"
"2017/2018"|"Harpreet Singh"|"FC Pune City"|"08/09/1982"|"186"|"DF"
"2017/2018"|"Jackichand Singh"|"Kerala Blasters"|"17/03/1992"|"170"|"FW"
"2017/2018"|"Kamaljit Singh"|"FC Pune City"|"28/12/1995"|"185"|"GK"
"2017/2018"|"Karanjit Singh"|"Chennaiyin FC"|"08/01/1986"|"186"|"GK"
"2017/2018"|"Konsham Singh"|"FC Goa"|"23/11/1996"|"186"|"DF"
"2017/2018"|"Manvir Singh"|"FC Goa"|"06/11/1995"|"187"|"FW"
"2017/2018"|"Milan Singh"|"Kerala Blasters"|"15/05/1992"|"174"|"MF"
"2017/2018"|"Pritam Singh"|"Kerala Blasters"|"10/12/1995"|"174"|"DF"
"2017/2018"|"Reagan Singh"|"NorthEast United FC"|"01/04/1991"|"173"|"DF"
"2017/2018"|"Robin Singh"|"ATK"|"09/05/1990"|"185"|"FW"
"2017/2018"|"Robinson Singh"|"Bengaluru FC"|"03/02/1992"|NA|"MF"
"2017/2018"|"Ronald Singh"|"ATK"|"16/02/1997"|"174"|"MF"
"2017/2018"|"Satiyasen Singh"|"Delhi Dynamos FC"|"12/03/1992"|"178"|"MF"
"2017/2018"|"Sehnaj Singh"|"Mumbai City FC"|"29/07/1993"|"179"|"MF"
"2017/2018"|"Siddarth Singh"|"Jamshedpur FC"|NA|NA|"FW"
"2017/2018"|"Simranjit Singh"|"Delhi Dynamos FC"|"25/01/1992"|NA|"MF"
"2017/2018"|"Thoi Singh"|"Chennaiyin FC"|"05/10/1990"|"168"|"MF"
"2017/2018"|"Udanta Singh"|"Bengaluru FC"|"14/06/1996"|"180"|"FW"
"2017/2018"|"Gurpreet Singh Sandhu"|"Bengaluru FC"|"03/02/1992"|"194"|"GK"
"2017/2018"|"Ajith Sivan"|"Kerala Blasters"|"01/06/1997"|NA|"MF"
"2017/2018"|"Marko Stankovic"|"FC Pune City"|"17/02/1986"|"178"|"MF"
"2017/2018"|"Nim Tamang"|"FC Pune City"|"30/10/1995"|"179"|"DF"
"2017/2018"|"Sahil Tavora"|"Mumbai City FC"|"19/10/1995"|"180"|"MF"
"2017/2018"|"Ryan Taylor"|"ATK"|"19/08/1984"|"173"|"DF"
"2017/2018"|"Tébar"|"FC Pune City"|"07/02/1986"|"185"|"MF"
"2017/2018"|"Anirudh Thapa"|"Chennaiyin FC"|"15/01/1998"|"169"|"MF"
"2017/2018"|"Komal Thatal"|"ATK"|"18/09/2000"|"163"|"FW"
"2017/2018"|"Thiago Santos"|"Mumbai City FC"|"12/04/1995"|"178"|"FW"
"2017/2018"|"Conor Thomas"|"ATK"|"29/10/1993"|"185"|"MF"
"2017/2018"|"Tom Thorpe"|"ATK"|"13/01/1993"|"183"|"DF"
"2017/2018"|"Tiri"|"Jamshedpur FC"|"14/07/1991"|"182"|"DF"
"2017/2018"|"Toni"|"Bengaluru FC"|"04/04/1990"|"175"|"MF"
"2017/2018"|"Kalu Uche"|"Delhi Dynamos FC"|"15/11/1982"|"178"|"FW"
"2017/2018"|"Issac Vanmalsawma"|"FC Pune City"|"15/09/1996"|"174"|"MF"
"2017/2018"|"Víctor Pérez"|"Bengaluru FC"|"12/01/1988"|"176"|"MF"
"2017/2018"|"C.K. Vineeth"|"Kerala Blasters"|"20/05/1988"|"178"|"MF"
"2017/2018"|"Mehrjajuddin Wadoo"|"Mumbai City FC"|"12/02/1984"|"186"|"DF"
"2017/2018"|"Wellington"|"Jamshedpur FC"|"21/02/1990"|"190"|"DF"
"2017/2018"|"Mohammad Yasir"|"FC Goa"|NA|NA|"MF"
"2017/2018"|"Zéquinha"|"ATK"|"07/01/1987"|"183"|"MF"
"2017/2018 playoffs"|"Calvin Abhishek"|"Bengaluru FC"|"13/05/1994"|NA|"GK"
"2017/2018 playoffs"|"Collin Abranches"|"Bengaluru FC"|"12/12/1991"|"170"|"DF"
"2017/2018 playoffs"|"Asheer Akhtar"|"Bengaluru FC"|"14/12/1994"|NA|"DF"
"2017/2018 playoffs"|"Emiliano Alfaro"|"FC Pune City"|"28/04/1988"|"172"|"FW"
"2017/2018 playoffs"|"Mohamed Ali"|"FC Goa"|"21/08/1992"|"178"|"DF"
"2017/2018 playoffs"|"Keenan Almeida"|"Chennaiyin FC"|"10/10/1991"|NA|"DF"
"2017/2018 playoffs"|"Muhammed Ashique Kuruniyan"|"FC Pune City"|"14/06/1997"|NA|"FW"
"2017/2018 playoffs"|"Sanjay Balmuchu"|"Chennaiyin FC"|"05/01/1992"|NA|"MF"
"2017/2018 playoffs"|"Rahul Bheke"|"Bengaluru FC"|"06/12/1990"|"179"|"DF"
"2017/2018 playoffs"|"Boaringdao Bodo"|"Chennaiyin FC"|"17/10/1999"|"172"|"FW"
"2017/2018 playoffs"|"Subashish Bose"|"Bengaluru FC"|"18/08/1995"|"186"|"DF"
"2017/2018 playoffs"|"Hugo Boumous"|"FC Goa"|"24/07/1995"|"172"|"MF"
"2017/2018 playoffs"|"Braulio"|"Bengaluru FC"|"18/09/1985"|"177"|"FW"
"2017/2018 playoffs"|"Bruno Pinheiro"|"FC Goa"|"21/08/1987"|"185"|"DF"
"2017/2018 playoffs"|"Calderón"|"Chennaiyin FC"|"04/01/1982"|"180"|"DF"
"2017/2018 playoffs"|"Fulganco Cardozo"|"Chennaiyin FC"|"23/01/1988"|NA|"DF"
"2017/2018 playoffs"|"Sunil Chhetri"|"Bengaluru FC"|"03/08/1984"|"172"|"FW"
"2017/2018 playoffs"|"Bruno Colaço"|"FC Goa"|"11/10/1991"|NA|"GK"
"2017/2018 playoffs"|"Liston Colaco"|"FC Goa"|"12/11/1998"|NA|"FW"
"2017/2018 playoffs"|"Colunga"|"FC Goa"|"17/11/1984"|"171"|"FW"
"2017/2018 playoffs"|"Coro"|"FC Goa"|"05/01/1983"|"171"|"FW"
"2017/2018 playoffs"|"Anthony D'Souza"|"FC Goa"|"02/03/1987"|"165"|"MF"
"2017/2018 playoffs"|"Daniel Segovia"|"Bengaluru FC"|"23/05/1985"|"190"|"FW"
"2017/2018 playoffs"|"Narayan Das"|"FC Goa"|"25/09/1993"|"178"|"DF"
"2017/2018 playoffs"|"Mandar Dessai"|"FC Goa"|"18/03/1992"|"171"|"MF"
"2017/2018 playoffs"|"Diego"|"FC Pune City"|"15/05/1988"|"174"|"FW"
"2017/2018 playoffs"|"Dimas Delgado"|"Bengaluru FC"|"06/02/1983"|"182"|"MF"
"2017/2018 playoffs"|"Edu Bedia"|"FC Goa"|"23/03/1989"|"184"|"MF"
"2017/2018 playoffs"|"Lalchhuanmawia Fanai"|"FC Pune City"|"14/04/1989"|"182"|"DF"
"2017/2018 playoffs"|"Brandon Fernandes"|"FC Goa"|"20/09/1994"|"171"|"MF"
"2017/2018 playoffs"|"Francis Fernandes"|"Chennaiyin FC"|"25/11/1985"|"167"|"MF"
"2017/2018 playoffs"|"Seriton Fernandes"|"FC Goa"|"26/10/1992"|NA|"DF"
"2017/2018 playoffs"|"Dhanpal Ganesh"|"Chennaiyin FC"|"13/06/1994"|"185"|"MF"
"2017/2018 playoffs"|"Gavilán"|"Chennaiyin FC"|"12/05/1985"|"178"|"MF"
"2017/2018 playoffs"|"Alwyn George"|"Bengaluru FC"|"03/01/1992"|"173"|"MF"
"2017/2018 playoffs"|"Sarthak Golui"|"FC Pune City"|"03/11/1997"|"187"|"DF"
"2017/2018 playoffs"|"Pronay Halder"|"FC Goa"|"25/02/1993"|"174"|"MF"
"2017/2018 playoffs"|"Boithang Haokip"|"Bengaluru FC"|"09/03/1991"|"178"|"MF"
"2017/2018 playoffs"|"Semboi Haokip"|"Bengaluru FC"|"13/03/1993"|"183"|"FW"
"2017/2018 playoffs"|"Ahmed Jahouh"|"FC Goa"|"31/07/1988"|NA|"MF"
"2017/2018 playoffs"|"John Johnson"|"Bengaluru FC"|"16/09/1988"|"182"|"DF"
"2017/2018 playoffs"|"Jonatan Lucca"|"FC Pune City"|"02/06/1994"|"187"|"MF"
"2017/2018 playoffs"|"Jonathan Cardozo"|"FC Goa"|NA|NA|"DF"
"2017/2018 playoffs"|"Juanan"|"Bengaluru FC"|"27/04/1987"|"192"|"DF"
"2017/2018 playoffs"|"Vishal Kaith"|"FC Pune City"|"22/07/1996"|"188"|"GK"
"2017/2018 playoffs"|"Laxmikant Kattimani"|"FC Goa"|"03/05/1989"|"183"|"GK"
"2017/2018 playoffs"|"Harmanjot Khabra"|"Bengaluru FC"|"18/12/1988"|"181"|"MF"
"2017/2018 playoffs"|"Adil Khan"|"FC Pune City"|"07/07/1988"|"177"|"MF"
"2017/2018 playoffs"|"Anuj Kumar"|"FC Pune City"|"24/07/1998"|NA|"GK"
"2017/2018 playoffs"|"Naveen Kumar"|"FC Goa"|"09/01/1989"|NA|"GK"
"2017/2018 playoffs"|"Pawan Kumar"|"Chennaiyin FC"|"01/07/1990"|"182"|"GK"
"2017/2018 playoffs"|"Rohit Kumar"|"FC Pune City"|"01/01/1997"|"185"|"MF"
"2017/2018 playoffs"|"Nishu Kumar Tashni"|"Bengaluru FC"|"05/11/1997"|"178"|"DF"
"2017/2018 playoffs"|"Daniel Lalhlimpuia"|"Bengaluru FC"|"12/09/1997"|"184"|"FW"
"2017/2018 playoffs"|"Jeje Lalpekhlua"|"Chennaiyin FC"|"07/01/1991"|"173"|"FW"
"2017/2018 playoffs"|"Jerry Lalrinzuala"|"Chennaiyin FC"|"13/07/1998"|"174"|"DF"
"2017/2018 playoffs"|"Lanzarote"|"FC Goa"|"20/01/1984"|"178"|"MF"
"2017/2018 playoffs"|"Kean Lewis"|"FC Pune City"|"19/09/1992"|"170"|"FW"
"2017/2018 playoffs"|"Lolo"|"FC Pune City"|"22/08/1984"|"182"|"DF"
"2017/2018 playoffs"|"Joyner Lourenco"|"Bengaluru FC"|"08/09/1991"|NA|"DF"
"2017/2018 playoffs"|"Mailson"|"Chennaiyin FC"|"05/02/1988"|"183"|"DF"
"2017/2018 playoffs"|"Sawmtea Malsawmzuala"|"Bengaluru FC"|"12/09/1997"|"179"|"MF"
"2017/2018 playoffs"|"Marcelinho"|"FC Pune City"|"22/06/1987"|"172"|"FW"
"2017/2018 playoffs"|"Shahinlal Meloly"|"Chennaiyin FC"|"15/02/1990"|NA|"GK"
"2017/2018 playoffs"|"Rene Mihelic"|"Chennaiyin FC"|"05/07/1988"|"175"|"MF"
"2017/2018 playoffs"|"Miku"|"Bengaluru FC"|"19/08/1985"|"186"|"FW"
"2017/2018 playoffs"|"Abhra Mondal"|"Bengaluru FC"|"03/10/1986"|"178"|"GK"
"2017/2018 playoffs"|"Mohammad Nawaz"|"FC Goa"|"21/01/2000"|NA|"GK"
"2017/2018 playoffs"|"Gregory Nelson"|"Chennaiyin FC"|"31/01/1988"|"176"|"MF"
"2017/2018 playoffs"|"Gani Nigam"|"FC Pune City"|NA|NA|"DF"
"2017/2018 playoffs"|"Jude Nworuh"|"Chennaiyin FC"|"09/06/1989"|"170"|"FW"
"2017/2018 playoffs"|"Erik Paartalu"|"Bengaluru FC"|"03/05/1986"|"193"|"MF"
"2017/2018 playoffs"|"Sahil Panwar"|"FC Pune City"|"15/12/1999"|NA|"DF"
"2017/2018 playoffs"|"Rafa"|"FC Pune City"|"09/04/1985"|"183"|"DF"
"2017/2018 playoffs"|"Mohammed Rafi"|"Chennaiyin FC"|"24/05/1982"|"179"|"FW"
"2017/2018 playoffs"|"Jewel Raja"|"FC Pune City"|"18/01/1990"|"172"|"MF"
"2017/2018 playoffs"|"Lalthummawaia Ralte"|"Bengaluru FC"|"28/11/1992"|"177"|"GK"
"2017/2018 playoffs"|"Zohmingliana Ralte"|"Bengaluru FC"|"02/10/1987"|"178"|"DF"
"2017/2018 playoffs"|"Amey Ranawade"|"FC Goa"|"07/03/1998"|"167"|"DF"
"2017/2018 playoffs"|"Raphael Augusto"|"Chennaiyin FC"|"06/03/1991"|"181"|"MF"
"2017/2018 playoffs"|"Lenny Rodrigues"|"Bengaluru FC"|"10/05/1987"|"185"|"MF"
"2017/2018 playoffs"|"Baljit Sahni"|"FC Pune City"|"12/01/1987"|NA|"FW"
"2017/2018 playoffs"|"Sereno"|"Chennaiyin FC"|"18/05/1985"|"188"|"DF"
"2017/2018 playoffs"|"Sergio Juste"|"FC Goa"|"12/01/1992"|"181"|"DF"
"2017/2018 playoffs"|"Pratesh Shirodkar"|"FC Goa"|"19/02/1989"|"158"|"MF"
"2017/2018 playoffs"|"Mark Sifneos"|"FC Goa"|"01/01/1996"|"191"|"FW"
"2017/2018 playoffs"|"Ajay Singh"|"FC Pune City"|"28/03/1989"|NA|"FW"
"2017/2018 playoffs"|"Bidyananda Singh"|"Bengaluru FC"|"27/11/1997"|NA|"MF"
"2017/2018 playoffs"|"Bikramjit Singh"|"Chennaiyin FC"|"15/10/1992"|"171"|"MF"
"2017/2018 playoffs"|"Dhanachandra Singh"|"Chennaiyin FC"|"04/03/1987"|NA|"DF"
"2017/2018 playoffs"|"Germanpreet Singh"|"Chennaiyin FC"|"24/06/1996"|"175"|"MF"
"2017/2018 playoffs"|"Gurtej Singh"|"FC Pune City"|"02/05/1990"|"181"|"DF"
"2017/2018 playoffs"|"Harpreet Singh"|"FC Pune City"|"08/09/1982"|"186"|"DF"
"2017/2018 playoffs"|"Kamaljit Singh"|"FC Pune City"|"28/12/1995"|"185"|"GK"
"2017/2018 playoffs"|"Karanjit Singh"|"Chennaiyin FC"|"08/01/1986"|"186"|"GK"
"2017/2018 playoffs"|"Konsham Singh"|"FC Goa"|"23/11/1996"|"186"|"DF"
"2017/2018 playoffs"|"Manvir Singh"|"FC Goa"|"06/11/1995"|"187"|"FW"
"2017/2018 playoffs"|"Robinson Singh"|"Bengaluru FC"|"03/02/1992"|NA|"MF"
"2017/2018 playoffs"|"Thoi Singh"|"Chennaiyin FC"|"05/10/1990"|"168"|"MF"
"2017/2018 playoffs"|"Udanta Singh"|"Bengaluru FC"|"14/06/1996"|"180"|"FW"
"2017/2018 playoffs"|"Gurpreet Singh Sandhu"|"Bengaluru FC"|"03/02/1992"|"194"|"GK"
"2017/2018 playoffs"|"Marko Stankovic"|"FC Pune City"|"17/02/1986"|"178"|"MF"
"2017/2018 playoffs"|"Nim Tamang"|"FC Pune City"|"30/10/1995"|"179"|"DF"
"2017/2018 playoffs"|"Tébar"|"FC Pune City"|"07/02/1986"|"185"|"MF"
"2017/2018 playoffs"|"Anirudh Thapa"|"Chennaiyin FC"|"15/01/1998"|"169"|"MF"
"2017/2018 playoffs"|"Toni"|"Bengaluru FC"|"04/04/1990"|"175"|"MF"
"2017/2018 playoffs"|"Issac Vanmalsawma"|"FC Pune City"|"15/09/1996"|"174"|"MF"
"2017/2018 playoffs"|"Víctor Pérez"|"Bengaluru FC"|"12/01/1988"|"176"|"MF"
"2017/2018 playoffs"|"Mohammad Yasir"|"FC Goa"|NA|NA|"MF"
